Specimen ID,Sex,Family name,Latin Name,County,year collected,Population designation,neurocranium length,neurocranium height,neurocranium width,mmcranialvolume,cranialvolume,total body length,bodylength,relativecc,tail length,hindfoot length
373,F,SORICIDAE,BLARINA BREVICAUDA,COOK,1922,0,12.1,6.82,12.73,1050.50506,1.05050506,127,12.7,0.082716934,27,14
389,F,SORICIDAE,BLARINA BREVICAUDA,COOK,1922,0,11.53,6.53,12.65,952.429885,0.952429885,124,12.4,0.076808862,26,21
393,M,SORICIDAE,BLARINA BREVICAUDA,COOK,1922,0,12.1,6.69,11.95,967.34055,0.96734055,113,11.3,0.085605358,26,16
397,M,SORICIDAE,BLARINA BREVICAUDA,COOK,1922,0,11.66,6.38,11.79,877.067532,0.877067532,125,12.5,0.070165403,27,16
652,F,SORICIDAE,BLARINA BREVICAUDA,COOK,1923,0,11.13,6.6,12.16,893.24928,0.89324928,110,11,0.08120448,21,14
715,F,SORICIDAE,BLARINA BREVICAUDA,WATONWAN,1912,0,12.04,6.24,12.36,928.601856,0.928601856,130,13,0.071430912,28,16
716,M,SORICIDAE,BLARINA BREVICAUDA,WINONA,1914,0,12.38,6.77,12.66,1061.067516,1.061067516,137,13.7,0.077450184,30,17
1060,M,SORICIDAE,BLARINA BREVICAUDA,RAMSEY,1925,1,12.82,7.03,13.51,1217.583346,1.217583346,133.4,13.34,0.091273114,25.4,15.9
1183,UNKNOWN,SORICIDAE,BLARINA BREVICAUDA,SWIFT,1936,0,12.52,6.93,13.52,1173.043872,1.173043872,134.6,13.46,0.087150362,30.5,17.8
1385,UNKNOWN,SORICIDAE,BLARINA BREVICAUDA,HENNEPIN,1939,1,12.24,6.99,13.78,1178.983728,1.178983728,127,12.7,0.092833364,25.4,19
2356,F,SORICIDAE,BLARINA BREVICAUDA,PIPESTONE,1947,0,12.34,7.08,13.48,1177.709856,1.177709856,131,13.1,0.089901516,26,15
2357,F,SORICIDAE,BLARINA BREVICAUDA,PIPESTONE,1947,0,12.19,6.78,12.21,1009.134522,1.009134522,119,11.9,0.08480122,33,16
2507,M,SORICIDAE,BLARINA BREVICAUDA,FILLMORE,1948,0,11.73,6.66,12.65,988.24077,0.98824077,117,11.7,0.084465023,20,15
2652,M,SORICIDAE,BLARINA BREVICAUDA,WASHINGTON,1949,1,12.5,7.06,13.54,1194.905,1.194905,119,11.9,0.100412185,31,16
2662,M,SORICIDAE,BLARINA BREVICAUDA,ROCK,1949,0,12.46,7.24,13.36,1205.210944,1.205210944,127,12.7,0.0948985,30,18
2699,M,SORICIDAE,BLARINA BREVICAUDA,WILKIN,1949,0,11.86,6.81,12.59,1016.851494,1.016851494,120,12,0.084737625,25,15
2781,UNKNOWN,SORICIDAE,BLARINA BREVICAUDA,LAKE OF THE WOODS,1949,0,12.02,7.13,12.78,1095.279228,1.095279228,115,11.5,0.095241672,25,15
2843,M,SORICIDAE,BLARINA BREVICAUDA,LAKE,1940,0,11.8,6.85,12.21,986.9343,0.9869343,110,11,0.0897213,21,15
2845,F,SORICIDAE,BLARINA BREVICAUDA,ITASCA,1938,0,12.13,6.73,12.15,991.864035,0.991864035,120.6,12.06,0.082244116,23.8,14.3
2847,M,SORICIDAE,BLARINA BREVICAUDA,MARTIN,1940,0,11.59,7.05,10.31,842.424945,0.842424945,125,12.5,0.067393996,25,16
2963,F,SORICIDAE,BLARINA BREVICAUDA,ST. LOUIS,1950,0,11.62,6.46,12.1,908.28892,0.90828892,111,11.1,0.081827831,25,16
2969,F,SORICIDAE,BLARINA BREVICAUDA,ST. LOUIS,1950,0,11.74,6.5,12.39,945.4809,0.9454809,119,11.9,0.079452176,25,16
3293,F,SORICIDAE,BLARINA BREVICAUDA,LINCOLN,1952,0,11.28,6.76,13.03,993.573984,0.993573984,118,11.8,0.084201185,25,16
3294,M,SORICIDAE,BLARINA BREVICAUDA,LINCOLN,1952,0,13.08,6.77,13.49,1194.561084,1.194561084,131,13.1,0.091187869,31,12
3689,F,SORICIDAE,BLARINA BREVICAUDA,ST. LOUIS,1954,0,11.77,6.54,12.5,962.1975,0.9621975,117,11.7,0.082239103,20,15
3779,M,SORICIDAE,BLARINA BREVICAUDA,KANDIYOHI,1955,0,11.83,6.74,12.92,1030.165864,1.030165864,128,12.8,0.080481708,22,15
4161,F,SORICIDAE,BLARINA BREVICAUDA,GOODHUE,1957,0,12.54,7.05,13.05,1153.71135,1.15371135,126,12.6,0.091564393,30,17
4167,UNKNOWN,SORICIDAE,BLARINA BREVICAUDA,HENNEPIN,1957,1,11.23,6.44,13.14,950.300568,0.950300568,131,13.1,0.072542028,30,16
4168,UNKNOWN,SORICIDAE,BLARINA BREVICAUDA,HENNEPIN,1958,1,11.35,6.87,13.32,1038.62034,1.03862034,128,12.8,0.081142214,30,16
5050,F,SORICIDAE,BLARINA BREVICAUDA,WASHINGTON,1950,1,11.71,6.57,13.28,1021.692816,1.021692816,113,11.3,0.090415293,25,15
5558,F,SORICIDAE,BLARINA BREVICAUDA,RAMSEY,1958,1,11.58,6.98,12.88,1041.069792,1.041069792,120,12,0.086755816,23,14
5589,M,SORICIDAE,BLARINA BREVICAUDA,HOUSTON,1961,0,11.59,7.23,13.28,1112.806896,1.112806896,131,13.1,0.084947091,30,16
5921,F,SORICIDAE,BLARINA BREVICAUDA,SIBLEY,1958,0,12.19,7.03,13.99,1198.882843,1.198882843,140,14,0.085634489,31,17
7438,F,SORICIDAE,BLARINA BREVICAUDA,COOK,1965,0,11.36,6.56,12.15,905.43744,0.90543744,107,10.7,0.084620321,20,14
7943,M,SORICIDAE,BLARINA BREVICAUDA,CROW WING,1966,0,12.09,6.89,13.02,1084.567302,1.084567302,127,12.7,0.085399,23,16
7948,F,SORICIDAE,BLARINA BREVICAUDA,CROW WING,1966,0,11.48,6.81,12.58,983.489304,0.983489304,122,12.2,0.080613877,24,15
7953,M,SORICIDAE,BLARINA BREVICAUDA,ST. LOUIS,1966,0,12.11,6.58,12.66,1008.796908,1.008796908,120,12,0.084066409,27,15
7955,M,SORICIDAE,BLARINA BREVICAUDA,NOBLES,1966,0,12.53,7.02,12.88,1132.932528,1.132932528,113,11.3,0.100259516,23,17
8562,F,SORICIDAE,BLARINA BREVICAUDA,HENNEPIN,1967,1,11.36,6.71,12.57,958.155792,0.958155792,127,12.7,0.075445338,25,16
8567,M,SORICIDAE,BLARINA BREVICAUDA,HENNEPIN,1967,1,11.57,6.73,12.95,1008.365995,1.008365995,127,12.7,0.079398897,26,17
8598,F,SORICIDAE,BLARINA BREVICAUDA,POLK,1967,0,11.32,6.68,12.15,918.75384,0.91875384,119,11.9,0.077206205,25,16
8921,F,SORICIDAE,BLARINA BREVICAUDA,JACKSON,1964,0,11.78,6.98,13.35,1097.69574,1.09769574,132,13.2,0.083158768,29,16.5
8922,M,SORICIDAE,BLARINA BREVICAUDA,JACKSON,1968,0,12.48,6.85,13.72,1172.89536,1.17289536,135,13.5,0.086881138,33,17
8945,F,SORICIDAE,BLARINA BREVICAUDA,RAMSEY,1968,1,11.79,6.97,12.91,1060.896033,1.060896033,127,12.7,0.083535121,30,15.5
8946,M,SORICIDAE,BLARINA BREVICAUDA,RAMSEY,1968,1,11.31,6.91,12.8,1000.34688,1.00034688,122,12.2,0.081995646,29,16
11221,M,SORICIDAE,BLARINA BREVICAUDA,COOK,1972,0,12.16,6.78,12.54,1033.857792,1.033857792,128,12.8,0.08077014,29,16
11234,F,SORICIDAE,BLARINA BREVICAUDA,COOK,1972,0,11.97,6.8,12.5,1017.45,1.01745,115,11.5,0.088473913,26,16
11928,F,SORICIDAE,BLARINA BREVICAUDA,CROW WING,1972,0,11.91,6.74,13.3,1067.63622,1.06763622,110,11,0.097057838,20,15
11931,M,SORICIDAE,BLARINA BREVICAUDA,HUBBARD,1972,0,11.89,6.5,12.6,973.791,0.973791,125,12.5,0.07790328,25,15
12322,M,SORICIDAE,BLARINA BREVICAUDA,RENVILLE,1973,0,11.99,6.44,14.06,1085.651336,1.085651336,121,12.1,0.089723251,27,17
13013,F,SORICIDAE,BLARINA BREVICAUDA,ANOKA,1975,1,12.13,7.05,12.99,1110.859335,1.110859335,119,11.9,0.093349524,23,16
13143,M,SORICIDAE,BLARINA BREVICAUDA,RAMSEY,1974,1,12.01,6.71,13.1,1055.69101,1.05569101,119,11.9,0.08871353,26,14
13144,F,SORICIDAE,BLARINA BREVICAUDA,RENVILLE,1974,0,11.22,6.67,12.6,942.95124,0.94295124,112,11.2,0.084192075,20,13
14408,F,SORICIDAE,BLARINA BREVICAUDA,NORMAN,1979,0,12.02,6.66,12.8,1024.68096,1.02468096,120,12,0.08539008,21,16
14410,M,SORICIDAE,BLARINA BREVICAUDA,POLK,1979,0,11.52,6.79,12.59,984.799872,0.984799872,115,11.5,0.085634771,26,17
14535,F,SORICIDAE,BLARINA BREVICAUDA,BIG STONE,1982,0,11.95,6.67,12.56,1001.11364,1.00111364,120,12,0.083426137,24,16
14538,F,SORICIDAE,BLARINA BREVICAUDA,FARIBAULT,1982,0,11.97,6.51,12.69,988.864443,0.988864443,126,12.6,0.078481305,23,16
14704,M,SORICIDAE,BLARINA BREVICAUDA,NOBLES,1983,0,11.75,6.84,13.01,1045.6137,1.0456137,128,12.8,0.08168857,25,18
15056,M,SORICIDAE,BLARINA BREVICAUDA,CLAY,1988,0,11.95,6.74,12.65,1018.86895,1.01886895,128,12.8,0.079599137,25,16
15066,F,SORICIDAE,BLARINA BREVICAUDA,NORMAN,1988,0,12.42,6.38,12.72,1007.927712,1.007927712,124,12.4,0.081284493,28,11
15410,F,SORICIDAE,BLARINA BREVICAUDA,WASHINGTON,1988,1,12.62,7.06,13.33,1187.665676,1.187665676,127,12.7,0.093516982,25,16
15420,M,SORICIDAE,BLARINA BREVICAUDA,WASHINGTON,1988,1,12,6.74,12.09,977.8392,0.9778392,113,11.3,0.086534442,23,16
15667,M,SORICIDAE,BLARINA BREVICAUDA,ANOKA,1982,1,12.06,6.89,12.69,1054.455246,1.054455246,119,11.9,0.088609685,25,17
16517,F,SORICIDAE,BLARINA BREVICAUDA,LAC QUI PARLE,1991,0,12.43,7.39,12.66,1162.918482,1.162918482,134,13.4,0.086784961,30,16
16518,M,SORICIDAE,BLARINA BREVICAUDA,LAC QUI PARLE,1991,0,12.04,7.39,13.35,1187.82426,1.18782426,135,13.5,0.087986982,29,17
16688,M,SORICIDAE,BLARINA BREVICAUDA,CHIS0O,1987,0,11.77,6.76,12.92,1027.982384,1.027982384,131,13.1,0.078471938,26,18
17925,F,SORICIDAE,BLARINA BREVICAUDA,POLK,1998,0,12.38,7.18,13.03,1158.215852,1.158215852,127,12.7,0.091198099,24,15
17927,M,SORICIDAE,BLARINA BREVICAUDA,POPE,1998,0,11.63,7.07,13.32,1095.225012,1.095225012,130,13,0.084248078,26,15
18278,M,SORICIDAE,BLARINA BREVICAUDA,HENNEPIN,1997,1,12.17,7.07,13.78,1185.657382,1.185657382,132,13.2,0.089822529,22,17
18318,F,SORICIDAE,BLARINA BREVICAUDA,HUBBARD,1999,0,11.28,6.64,12.21,914.519232,0.914519232,104,10.4,0.087934542,19,14
19012,UNKNOWN,SORICIDAE,BLARINA BREVICAUDA,CARLTON,2004,0,11.88,6.64,12.85,1013.64912,1.01364912,110,11,0.09214992,26,21
19013,UNKNOWN,SORICIDAE,BLARINA BREVICAUDA,CARLTON,2005,0,12.11,7.11,13.44,1157.212224,1.157212224,116,11.6,0.099759674,26,16
19088,UNKNOWN,SORICIDAE,BLARINA BREVICAUDA,CARLTON,2005,0,12.36,7.11,12.89,1132.768044,1.132768044,118,11.8,0.095997292,25,17
19089,UNKNOWN,SORICIDAE,BLARINA BREVICAUDA,CARLTON,2005,0,12.06,7.3,12.49,1099.59462,1.09959462,109,10.9,0.10088024,18,15
744,F,MURIDAE,CLETHRIONOMYS GAPPERI,MARSHALL,1929,0,11.77,6.92,10.64,866.610976,0.866610976,138,13.8,0.062797897,40,18
746,M,MURIDAE,CLETHRIONOMYS GAPPERI,KITTSON,1929,0,12.61,7.58,11.27,1077.229426,1.077229426,142,14.2,0.075861227,39,19
1582,M,MURIDAE,CLETHRIONOMYS GAPPERI,CLEARWATER,1938,0,12.66,7.37,11.23,1047.806166,1.047806166,126,12.6,0.08315922,35,16
2449,F,MURIDAE,CLETHRIONOMYS GAPPERI,ANOKA,1947,1,12.73,8.23,11.17,1170.257443,1.170257443,119,11.9,0.098340962,30,18
2453,F,MURIDAE,CLETHRIONOMYS GAPPERI,ANOKA,1947,1,11.87,6.99,10.56,876.176928,0.876176928,96,9.6,0.09126843,26,16
2492,M,MURIDAE,CLETHRIONOMYS GAPPERI,ANOKA,1948,1,12.23,7.3,10.86,969.56994,0.96956994,125,12.5,0.077565595,34,18
2604,M,MURIDAE,CLETHRIONOMYS GAPPERI,ISANTI,1948,0,12.03,7.64,10.8,992.61936,0.99261936,116,11.6,0.085570634,30,17
2754,F,MURIDAE,CLETHRIONOMYS GAPPERI,CLEARWATER,1949,0,12.6,7.64,11.33,1090.67112,1.09067112,149,14.9,0.073199404,40,18
2910,M,MURIDAE,CLETHRIONOMYS GAPPERI,ANOKA,1950,1,11.65,7.56,10.69,941.51106,0.94151106,111,11.1,0.084820816,30,18
3208,M,MURIDAE,CLETHRIONOMYS GAPPERI,MORRISON,1951,0,12.84,8.04,11.61,1198.542096,1.198542096,121,12.1,0.099053066,35,19
3335,F,MURIDAE,CLETHRIONOMYS GAPPERI,HENNEPIN,1952,1,12.01,7.98,11.19,1072.447362,1.072447362,131,13.1,0.081866211,37,12
4005,F,MURIDAE,CLETHRIONOMYS GAPPERI,CLEARWATER,1957,0,11.98,7.22,10.94,946.261864,0.946261864,134,13.4,0.070616557,32,16
4403,M,MURIDAE,CLETHRIONOMYS GAPPERI,ANOKA,1933,1,12.78,7.62,11.52,1121.859072,1.121859072,124,12.4,0.090472506,33,18
4435,M,MURIDAE,CLETHRIONOMYS GAPPERI,ANOKA,1932,1,12.21,7.5,10.04,919.413,0.919413,127,12.7,0.072394724,35,16
5076,F,MURIDAE,CLETHRIONOMYS GAPPERI,ANOKA,1958,1,11.86,7.28,11.33,978.241264,0.978241264,116,11.6,0.084331143,27,17
5580,F,MURIDAE,CLETHRIONOMYS GAPPERI,RAMSEY,1960,1,12.19,7.47,10.96,998.009928,0.998009928,134,13.4,0.074478353,36,17
8668,F,MURIDAE,CLETHRIONOMYS GAPPERI,AITKIN,1967,0,12.32,7.26,11.04,987.452928,0.987452928,122,12.2,0.080938765,31,17
9001,M,MURIDAE,CLETHRIONOMYS GAPPERI,MARSHALL,1968,0,12.41,7.24,10.3,925.43852,0.92543852,111,11.1,0.08337284,30,17
9013,M,MURIDAE,CLETHRIONOMYS GAPPERI,RAMSEY,1968,1,12.39,7.1,11.02,969.41838,0.96941838,140,14,0.06924417,39,17
9014,F,MURIDAE,CLETHRIONOMYS GAPPERI,RAMSEY,1968,1,12.3,7.72,11.22,1065.40632,1.06540632,143,14.3,0.074503938,37,17
13214,F,MURIDAE,CLETHRIONOMYS GAPPERI,ANOKA,1975,1,11.64,6.84,11.05,879.77448,0.87977448,117,11.7,0.0751944,31,18
13215,M,MURIDAE,CLETHRIONOMYS GAPPERI,ANOKA,1974,1,12.52,7.64,10.99,1051.224272,1.051224272,132,13.2,0.079638202,37,19
14333,F,MURIDAE,CLETHRIONOMYS GAPPERI,PINE,1980,0,12.3,7.27,11.63,1039.96623,1.03996623,130,13,0.079997402,36,19
14457,M,MURIDAE,CLETHRIONOMYS GAPPERI,ANOKA,1979,1,13.05,7.52,11.14,1093.23504,1.09323504,119,11.9,0.091868491,27,17
14464,F,MURIDAE,CLETHRIONOMYS GAPPERI,MAHNOMEN,1979,0,11.56,7.14,10.48,865.002432,0.865002432,129,12.9,0.067054452,37,16
14473,M,MURIDAE,CLETHRIONOMYS GAPPERI,WRIGHT,1979,0,12.19,7.56,10.9,1004.50476,1.00450476,120,12,0.08370873,30,17
15548,M,MURIDAE,CLETHRIONOMYS GAPPERI,WASHINGTON,1988,1,12.77,7.19,10.69,981.516247,0.981516247,133,13.3,0.073798214,32,17
15551,M,MURIDAE,CLETHRIONOMYS GAPPERI,WASHINGTON,1988,1,12.25,7.82,10.9,1044.1655,1.0441655,116,11.6,0.090014267,30,17
15558,F,MURIDAE,CLETHRIONOMYS GAPPERI,WASHINGTON,1988,1,13.25,7.97,11.34,1197.53235,1.19753235,125,12.5,0.095802588,28,18
16705,M,MURIDAE,CLETHRIONOMYS GAPPERI,CHIS0O,1987,0,12.56,7.29,11.03,1009.933272,1.009933272,111,11.1,0.090984979,26,18
18037,F,MURIDAE,CLETHRIONOMYS GAPPERI,POLK,1998,0,12.55,7.1,10.93,973.91765,0.97391765,129,12.9,0.075497492,31,17
18356,M,MURIDAE,CLETHRIONOMYS GAPPERI,CLEARWATER,1999,0,12.21,7.41,11.35,1026.903735,1.026903735,130,13,0.078992595,42,16
19062,F,MURIDAE,CLETHRIONOMYS GAPPERI,CARLTON,2005,0,12.47,7.24,11.11,1003.041908,1.003041908,112,11.2,0.089557313,32,20
962,UNKNOWN,TALPIDAE,CONDYLURA CRISTATA,CHIS0O,1932,0,16.47,7.86,12.99,1681.610058,1.681610058,172.7,17.27,0.097371746,68.6,27.9
2840,M,TALPIDAE,CONDYLURA CRISTATA,ST. LOUIS,1944,0,16.28,8.35,13.48,1832.44424,1.83244424,172,17.2,0.106537456,68,28
2842,M,TALPIDAE,CONDYLURA CRISTATA,BECKER,1942,0,15.72,8.53,12.51,1677.485916,1.677485916,201,20.1,0.083457011,88,25
5587,M,TALPIDAE,CONDYLURA CRISTATA,BELTRAMI,1960,0,15.71,8.25,13.15,1704.338625,1.704338625,195,19.5,0.087401981,74,27
5927,M,TALPIDAE,CONDYLURA CRISTATA,CARLTON,1958,0,15.23,8,13.43,1636.3112,1.6363112,211,21.1,0.077550294,79,27
7926,F,TALPIDAE,CONDYLURA CRISTATA,ST. LOUIS,1966,0,16.03,9.59,12.94,1989.236438,1.989236438,178,17.8,0.111754856,66,27
7927,M,TALPIDAE,CONDYLURA CRISTATA,ITASCA,1966,0,17.3,9.25,13.69,2190.74225,2.19074225,183,18.3,0.119712691,72,27.5
8152,M,TALPIDAE,CONDYLURA CRISTATA,MILLE LACS,1967,0,16.52,9.27,13.08,2003.076432,2.003076432,191,19.1,0.104873112,75,28
11328,M,TALPIDAE,CONDYLURA CRISTATA,COOK,1972,0,15.72,8.77,13.36,1841.868384,1.841868384,185,18.5,0.099560453,80,26
11333,F,TALPIDAE,CONDYLURA CRISTATA,COOK,1972,0,15.95,9.13,13.41,1952.811135,1.952811135,203,20.3,0.096197593,80,27
11334,F,TALPIDAE,CONDYLURA CRISTATA,COOK,1972,0,16.41,9.39,13.76,2120.277024,2.120277024,200,20,0.106013851,78,26
1413,F,VESPERTILIONIDAE,EPTESICUS FUSCUS,HENNEPIN,1940,1,9.97,5.73,8.73,498.728313,0.498728313,109,10.9,0.045754891,39.5,11
1416,M,VESPERTILIONIDAE,EPTESICUS FUSCUS,WASHINGTON,1940,1,10.58,5.62,8.29,492.920084,0.492920084,108,10.8,0.045640749,43,10
1417,F,VESPERTILIONIDAE,EPTESICUS FUSCUS,WASHINGTON,1940,1,10.37,5.88,8.44,514.634064,0.514634064,107.5,10.75,0.047872936,39,10.5
1978,M,VESPERTILIONIDAE,EPTESICUS FUSCUS,HENNEPIN,1946,1,9.74,5.58,8.46,459.794232,0.459794232,108,10.8,0.04257354,38,10
2284,M,VESPERTILIONIDAE,EPTESICUS FUSCUS,FILLMORE,1947,0,9.34,5.32,8.91,442.727208,0.442727208,108,10.8,0.04099326,38,12
2285,F,VESPERTILIONIDAE,EPTESICUS FUSCUS,FILLMORE,1947,0,10.03,5.18,8.7,452.01198,0.45201198,114,11.4,0.039650174,42,12
2286,F,VESPERTILIONIDAE,EPTESICUS FUSCUS,FILLMORE,1947,0,9.61,5.51,8.73,462.263103,0.462263103,116,11.6,0.039850268,43,13
3171,M,VESPERTILIONIDAE,EPTESICUS FUSCUS,HENNEPIN,1951,1,9.89,5.37,8.57,455.146701,0.455146701,113,11.3,0.040278469,41,12
3673,M,VESPERTILIONIDAE,EPTESICUS FUSCUS,HENNEPIN,1959,1,9.37,5.24,8.72,428.141536,0.428141536,105,10.5,0.040775384,27,11
4230,F,VESPERTILIONIDAE,EPTESICUS FUSCUS,WASHINGTON,1958,1,10.11,5.58,8.68,489.671784,0.489671784,106,10.6,0.046195451,40,13
4345,M,VESPERTILIONIDAE,EPTESICUS FUSCUS,BLUE EARTH,1958,0,9.43,5.7,8.57,460.64607,0.46064607,109,10.9,0.042261107,46,10
4346,F,VESPERTILIONIDAE,EPTESICUS FUSCUS,BLUE EARTH,1958,0,9.8,5.65,8.96,496.1152,0.4961152,114,11.4,0.043518877,46,11
4505,F,VESPERTILIONIDAE,EPTESICUS FUSCUS,HENNEPIN,1958,1,10.32,5.62,8.95,519.08568,0.51908568,120,12,0.04325714,44,12
4893,F,VESPERTILIONIDAE,EPTESICUS FUSCUS,HENNEPIN,1960,1,10.39,5.57,8.53,493.650719,0.493650719,116,11.6,0.042556096,42,13
4938,M,VESPERTILIONIDAE,EPTESICUS FUSCUS,GOODHUE,1958,0,9.76,5.47,9.16,489.026752,0.489026752,103,10.3,0.047478325,41,12
4941,M,VESPERTILIONIDAE,EPTESICUS FUSCUS,MARTIN,1959,0,10.25,5.37,8.61,473.915925,0.473915925,123,12.3,0.03852975,53,11
5908,F,VESPERTILIONIDAE,EPTESICUS FUSCUS,GOODHUE,1958,0,9.83,5.44,8.78,469.512256,0.469512256,110,11,0.042682932,45,14
6020,F,VESPERTILIONIDAE,EPTESICUS FUSCUS,RAMSEY,1960,1,9.94,5.51,8.81,482.518414,0.482518414,118,11.8,0.040891391,47,12
7628,F,VESPERTILIONIDAE,EPTESICUS FUSCUS,BROWN,1966,0,9.73,5.69,9.03,499.934211,0.499934211,122,12.2,0.040978214,41,11
8100,F,VESPERTILIONIDAE,EPTESICUS FUSCUS,PINE,1967,0,10.26,5.78,9.28,550.329984,0.550329984,120,12,0.045860832,43,13
11630,M,VESPERTILIONIDAE,EPTESICUS FUSCUS,HENNEPIN,1972,1,10.19,5.52,9.07,510.176616,0.510176616,145,14.5,0.035184594,40,12
11631,M,VESPERTILIONIDAE,EPTESICUS FUSCUS,HENNEPIN,1972,1,9.92,5.5,8.85,482.856,0.482856,118,11.8,0.04092,47,12
16694,F,VESPERTILIONIDAE,EPTESICUS FUSCUS,PINE,1986,0,10.57,5.82,9.26,569.651124,0.569651124,116,11.6,0.049107856,40,12
18383,UNKNOWN,VESPERTILIONIDAE,EPTESICUS FUSCUS,RAMSEY,1937,1,10.34,5.79,8.78,525.646308,0.525646308,111,11.1,0.047355523,45,13
19026,M,VESPERTILIONIDAE,EPTESICUS FUSCUS,RAMSEY,1995,1,10.07,5.73,8.39,484.112229,0.484112229,105,10.5,0.046105927,45,12
146,F,GEOMYIDAE,GEOMYS BURSARIUS,SHERBURNE,1916,0,20.82,13.03,15.51,4207.624146,4.207624146,225,22.5,0.187005518,64,30
147,M,GEOMYIDAE,GEOMYS BURSARIUS,SHERBURNE,1916,0,20.53,13.69,15.2,4272.04664,4.27204664,228,22.8,0.187370467,72,31
148,M,GEOMYIDAE,GEOMYS BURSARIUS,SHERBURNE,1919,0,23.7,16.48,16.83,6573.39408,6.57339408,290,29,0.226668761,78,33
734,UNKNOWN,GEOMYIDAE,GEOMYS BURSARIUS,KITTSON,1929,0,24.7,17,17.95,7537.205,7.537205,305,30.5,0.247121475,81,39
1136,UNKNOWN,GEOMYIDAE,GEOMYS BURSARIUS,HENNEPIN,1935,1,22.98,14.42,16.08,5328.455328,5.328455328,276.9,27.69,0.192432478,76.2,35.6
1184,UNKNOWN,GEOMYIDAE,GEOMYS BURSARIUS,HENNEPIN,1936,1,20.79,13.12,14.91,4066.923168,4.066923168,210.8,21.08,0.192928044,69.9,31.75
1808,M,GEOMYIDAE,GEOMYS BURSARIUS,RAMSEY,1938,1,22.15,15.04,16.19,5393.47184,5.39347184,263,26.3,0.205074975,71,31.5
1892,F,GEOMYIDAE,GEOMYS BURSARIUS,RAMSEY,1942,1,21.43,13.78,15.67,4627.435618,4.627435618,190,19,0.243549243,74,34
2439,F,GEOMYIDAE,GEOMYS BURSARIUS,TRAVERSE,1947,0,22.54,15.28,15.78,5434.808736,5.434808736,260,26,0.209031105,85,34
2441,F,GEOMYIDAE,GEOMYS BURSARIUS,POLK,1947,0,22.35,15.08,15.88,5352.16344,5.35216344,280,28,0.191148694,92,35
3325,F,GEOMYIDAE,GEOMYS BURSARIUS,ANOKA,1952,1,20.79,13.79,16.12,4621.508892,4.621508892,261,26.1,0.177069306,77,36
4192,F,GEOMYIDAE,GEOMYS BURSARIUS,GOODHUE,1957,0,20.81,13.43,15.68,4382.219744,4.382219744,227,22.7,0.193049328,64,33
5110,M,GEOMYIDAE,GEOMYS BURSARIUS,RAMSEY,1958,1,22.59,14.36,16.6,5384.91384,5.38491384,269,26.9,0.200182671,66,33
5112,M,GEOMYIDAE,GEOMYS BURSARIUS,CLEARWATER,1959,0,19,11.63,14.42,3186.3874,3.1863874,200,20,0.15931937,50,28
5556,F,GEOMYIDAE,GEOMYS BURSARIUS,HENNEPIN,1958,1,23.53,14.15,16.14,5373.80493,5.37380493,268,26.8,0.200515109,85,35
6066,M,GEOMYIDAE,GEOMYS BURSARIUS,MORRISON,1961,0,22.78,15.4,16.61,5826.98732,5.82698732,291,29.1,0.200240114,70,36
7288,M,GEOMYIDAE,GEOMYS BURSARIUS,RAMSEY,1961,1,23.85,16.09,17.61,6757.775865,6.757775865,282,28.2,0.239637442,77,34
7306,F,GEOMYIDAE,GEOMYS BURSARIUS,RAMSEY,1961,1,22.68,14.58,15.76,5211.428544,5.211428544,268,26.8,0.194456289,73,34
7308,F,GEOMYIDAE,GEOMYS BURSARIUS,RAMSEY,1961,1,23.16,14.7,15.9,5413.1868,5.4131868,249,24.9,0.21739706,72,33
7313,M,GEOMYIDAE,GEOMYS BURSARIUS,RAMSEY,1961,1,23.72,15.07,16.26,5812.306104,5.812306104,279,27.9,0.208326384,64,34
7883,F,GEOMYIDAE,GEOMYS BURSARIUS,PINE,1966,0,21.74,14.04,15.53,4740.215688,4.740215688,245,24.5,0.193478191,67,31
11643,M,GEOMYIDAE,GEOMYS BURSARIUS,HENNEPIN,1971,1,22.88,13.75,15.77,4961.242,4.961242,268,26.8,0.18512097,78,34
12353,M,GEOMYIDAE,GEOMYS BURSARIUS,DAKOTA,1973,1,22.95,16.02,16.38,6022.25442,6.02225442,265,26.5,0.227254884,85,34
12354,M,GEOMYIDAE,GEOMYS BURSARIUS,RAMSEY,1973,1,24.95,15.88,16.38,6489.85428,6.48985428,283,28.3,0.229323473,81,36
13290,F,GEOMYIDAE,GEOMYS BURSARIUS,WINONA,1975,0,22.3,14.03,15.57,4871.37033,4.87137033,255,25.5,0.191034131,77,33
14428,F,GEOMYIDAE,GEOMYS BURSARIUS,ANOKA,1979,1,22.48,14.39,15.4,4981.70288,4.98170288,235,23.5,0.211987357,73,31
14584,F,GEOMYIDAE,GEOMYS BURSARIUS,LYON,1982,0,23.71,14.95,16.75,5937.280375,5.937280375,278,27.8,0.213571237,74,35
14707,M,GEOMYIDAE,GEOMYS BURSARIUS,REDWOOD,1983,0,22.93,15.95,16.46,6019.97341,6.01997341,286,28.6,0.210488581,91,40
15197,F,GEOMYIDAE,GEOMYS BURSARIUS,WILKIN,1988,0,22.69,14.98,17.16,5832.618792,5.832618792,267,26.7,0.218450142,67,33
18346,F,GEOMYIDAE,GEOMYS BURSARIUS,BECKER,1999,0,18.92,12.85,14.58,3544.71876,3.54471876,197,19.7,0.179934962,47,29
18552,F,GEOMYIDAE,GEOMYS BURSARIUS,SHERBURNE,2001,0,21.97,14.73,15.64,5061.387084,5.061387084,229,22.9,0.22102127,68,33
18617,F,GEOMYIDAE,GEOMYS BURSARIUS,RAMSEY,2001,1,21.2,14.08,15.16,4525.19936,4.52519936,243,24.3,0.186222196,64,34
2740,M,VESPERTILIONIDAE,LASIONYCTERIS NOCTIV0ANS,CLEARWATER,1949,0,8.34,5.25,8.24,360.7884,0.3607884,93,9.3,0.038794452,44,10
8041,M,VESPERTILIONIDAE,LASIONYCTERIS NOCTIV0ANS,WADENA,1968,0,8.79,5.34,8.34,391.467924,0.391467924,101,10.1,0.0387592,46,10
15154,M,VESPERTILIONIDAE,LASIONYCTERIS NOCTIV0ANS,CLAY,1988,0,8.58,5.55,8.54,406.66626,0.40666626,114,11.4,0.035672479,39,10
18327,F,VESPERTILIONIDAE,LASIONYCTERIS NOCTIV0ANS,CLEARWATER,1999,0,8.72,5.84,8.59,437.444032,0.437444032,102,10.2,0.04288667,39,8
18384,F,VESPERTILIONIDAE,LASIONYCTERIS NOCTIV0ANS,WABASHA,1983,0,9.02,5.38,8.16,395.985216,0.395985216,105,10.5,0.037712878,45,8
1567,F,VESPERTILIONIDAE,LASIURUS BOREALIS,CARVER,1941,0,7.99,6.03,7.73,372.429081,0.372429081,108,10.8,0.034484174,46,8
1568,M,VESPERTILIONIDAE,LASIURUS BOREALIS,CARVER,1941,0,7.68,5.62,7.29,314.648064,0.314648064,97,9.7,0.032437945,44,7
11363,F,VESPERTILIONIDAE,LASIURUS BOREALIS,COOK,1972,0,8.17,6.38,7.9,411.78434,0.41178434,116,11.6,0.03549865,52,10
12756,M,VESPERTILIONIDAE,LASIURUS BOREALIS,CLEARWATER,1965,0,8.62,5.85,7.84,395.34768,0.39534768,94,9.4,0.042058264,42,9
12757,M,VESPERTILIONIDAE,LASIURUS BOREALIS,LINCOLN,1966,0,7.93,5.58,7.37,326.118078,0.326118078,90,9,0.036235342,45,7
14576,M,VESPERTILIONIDAE,LASIURUS BOREALIS,WINONA,1982,0,8.31,6.13,7.74,394.277922,0.394277922,111,11.1,0.035520534,42,9
14577,F,VESPERTILIONIDAE,LASIURUS BOREALIS,WINONA,1982,0,8.38,5.76,7.65,369.25632,0.36925632,113,11.3,0.03267755,44,10
14578,F,VESPERTILIONIDAE,LASIURUS BOREALIS,WINONA,1982,0,8.16,5.74,7.66,358.782144,0.358782144,109,10.9,0.032915793,40,9
15155,F,VESPERTILIONIDAE,LASIURUS BOREALIS,CLAY,1988,0,8.21,5.82,7.96,380.346312,0.380346312,115,11.5,0.033073592,46,9
15156,F,VESPERTILIONIDAE,LASIURUS BOREALIS,CLAY,1988,0,8.85,6.01,7.89,419.657265,0.419657265,110,11,0.03815066,42,8
15157,F,VESPERTILIONIDAE,LASIURUS BOREALIS,LAC QUI PARLE,1988,0,8.22,6.16,7.92,401.030784,0.401030784,105,10.5,0.038193408,43,7
43,F,VESPERTILIONIDAE,LASIURUS CINEREUS,WASECA,1910,0,10.68,6.8,10.26,745.12224,0.74512224,136.5,13.65,0.05458771,66.7,14.3
4088,UNKNOWN,VESPERTILIONIDAE,LASIURUS CINEREUS,NORMAN,1956,0,10.46,6.43,10.02,673.923156,0.673923156,131,13.1,0.051444516,55,12
4939,F,VESPERTILIONIDAE,LASIURUS CINEREUS,CLEARWATER,1959,0,10.27,6.56,9.81,660.911472,0.660911472,136,13.6,0.048596432,55,11
7630,M,VESPERTILIONIDAE,LASIURUS CINEREUS,ST. LOUIS,1966,0,10.5,7.47,9.93,778.85955,0.77885955,133,13.3,0.058560868,42,11
7631,F,VESPERTILIONIDAE,LASIURUS CINEREUS,ST. LOUIS,1966,0,10.95,7.03,10.11,778.252635,0.778252635,138,13.8,0.056395118,48,10
8101,F,VESPERTILIONIDAE,LASIURUS CINEREUS,COOK,1967,0,10.71,6.77,10.1,732.31767,0.73231767,130,13,0.056332128,54,12.5
15160,F,VESPERTILIONIDAE,LASIURUS CINEREUS,CLAY,1988,0,10.58,7.18,10.47,795.347268,0.795347268,140,14,0.056810519,57,11
15161,M,VESPERTILIONIDAE,LASIURUS CINEREUS,CLAY,1988,0,10.37,6.78,9.57,672.853302,0.672853302,130,13,0.051757946,56,10
18385,F,VESPERTILIONIDAE,LASIURUS CINEREUS,COTTONWOOD,1994,0,10.79,6.93,10.24,765.692928,0.765692928,124,12.4,0.06174943,53,12
279,M,MURIDAE,MICROTUS PENNSYLVANICUS,HENNEPIN,1912,1,14.54,7.97,11.3,1309.48694,1.30948694,127,12.7,0.103109208,38.1,16.5
346,F,MURIDAE,MICROTUS PENNSYLVANICUS,HENNEPIN,1917,1,14.65,8.65,11.55,1463.644875,1.463644875,146,14.6,0.100249649,39.7,19.1
485,F,MURIDAE,MICROTUS PENNSYLVANICUS,COOK,1922,0,13.45,8.09,11.27,1226.294335,1.226294335,125,12.5,0.098103547,36,20
511,M,MURIDAE,MICROTUS PENNSYLVANICUS,SHERBURNE,1920,0,14.44,8.47,11.57,1415.089676,1.415089676,150,15,0.094339312,42,20
706,F,MURIDAE,MICROTUS PENNSYLVANICUS,WINONA,1914,0,13.64,7.72,10.98,1156.202784,1.156202784,150,15,0.077080186,40,20
711,M,MURIDAE,MICROTUS PENNSYLVANICUS,LAKE OF THE WOODS,1911,0,15.26,8.39,11.29,1445.474506,1.445474506,178,17.8,0.081206433,48,22
1619,F,MURIDAE,MICROTUS PENNSYLVANICUS,RAMSEY,1936,1,14.43,8.02,11.05,1278.80103,1.27880103,129,12.9,0.099131863,36,19
2410,F,MURIDAE,MICROTUS PENNSYLVANICUS,MARSHALL,1947,0,13.51,7.73,11.41,1191.572543,1.191572543,156,15.6,0.076382855,41,19
2454,F,MURIDAE,MICROTUS PENNSYLVANICUS,ANOKA,1947,1,13.19,8.61,11.2,1271.93808,1.27193808,122,12.2,0.10425722,30,20
2491,M,MURIDAE,MICROTUS PENNSYLVANICUS,DAKOTA,1948,1,14.97,9.01,11.33,1528.187001,1.528187001,173,17.3,0.088334509,45,20
2537,M,MURIDAE,MICROTUS PENNSYLVANICUS,FILLMORE,1948,0,14.87,8.56,11.9,1514.71768,1.51471768,174,17.4,0.08705274,41,20
2992,F,MURIDAE,MICROTUS PENNSYLVANICUS,ST. LOUIS,1950,0,13.91,8.15,10.95,1241.363175,1.241363175,127,12.7,0.097745132,33,20
2994,M,MURIDAE,MICROTUS PENNSYLVANICUS,ST. LOUIS,1950,0,14.55,8.71,11.52,1459.93536,1.45993536,140,14,0.104281097,39,21
3239,F,MURIDAE,MICROTUS PENNSYLVANICUS,MARTIN,1940,0,14.6,8.23,11.52,1384.22016,1.38422016,144,14.4,0.0961264,34,18
3339,F,MURIDAE,MICROTUS PENNSYLVANICUS,HENNEPIN,1952,1,14.12,8.12,11.55,1324.25832,1.32425832,125,12.5,0.105940666,37,20
4083,M,MURIDAE,MICROTUS PENNSYLVANICUS,ANOKA,1932,1,14.15,8.26,11.26,1316.05754,1.31605754,152.4,15.24,0.086355482,35.6,19.1
5123,F,MURIDAE,MICROTUS PENNSYLVANICUS,RAMSEY,1958,1,14.33,8.46,11.62,1408.713516,1.408713516,167,16.7,0.084354103,49,19
7668,M,MURIDAE,MICROTUS PENNSYLVANICUS,RAMSEY,1966,1,14.81,8.42,11.6,1446.52232,1.44652232,157,15.7,0.09213518,41,19.5
7684,F,MURIDAE,MICROTUS PENNSYLVANICUS,NOBLES,1966,0,13.89,7.78,10.84,1171.415928,1.171415928,150,15,0.078094395,40,18
7971,M,MURIDAE,MICROTUS PENNSYLVANICUS,ROCK,1966,0,14.09,8.1,11.28,1287.37512,1.28737512,142,14.2,0.09066022,35,19
8800,F,MURIDAE,MICROTUS PENNSYLVANICUS,HENNEPIN,1967,1,14.03,7.75,11.15,1212.367375,1.212367375,146,14.6,0.083038861,36,19
11683,M,MURIDAE,MICROTUS PENNSYLVANICUS,HENNEPIN,1972,1,14.67,8.16,11.16,1335.932352,1.335932352,137,13.7,0.09751331,35,20
12372,F,MURIDAE,MICROTUS PENNSYLVANICUS,LAKE OF THE WOODS,1973,0,14.12,7.74,11.23,1227.313224,1.227313224,127,12.7,0.096638837,39,19
13040,M,MURIDAE,MICROTUS PENNSYLVANICUS,SHERBURNE,1975,0,13.79,7.53,11.11,1153.647957,1.153647957,137,13.7,0.08420788,42,20
13103,F,MURIDAE,MICROTUS PENNSYLVANICUS,RAMSEY,1975,1,14.99,8.72,11.3,1477.05464,1.47705464,164,16.4,0.090064307,45,19
14648,M,MURIDAE,MICROTUS PENNSYLVANICUS,MOWER,1982,0,13.86,7.95,11.08,1220.87196,1.22087196,138,13.8,0.088468983,35,19
14718,F,MURIDAE,MICROTUS PENNSYLVANICUS,LINCOLN,1982,0,14.13,8.15,11.35,1307.060325,1.307060325,147,14.7,0.088915668,37,20
15588,M,MURIDAE,MICROTUS PENNSYLVANICUS,WASHINGTON,1988,1,14,8.1,11.23,1273.482,1.273482,152,15.2,0.083781711,41,18
15690,F,MURIDAE,MICROTUS PENNSYLVANICUS,ANOKA,1982,1,14.15,7.82,11.22,1241.52666,1.24152666,147,14.7,0.084457596,42,18
18048,F,MURIDAE,MICROTUS PENNSYLVANICUS,POLK,1998,0,14.03,7.59,11.09,1180.948593,1.180948593,149,14.9,0.079258295,38,19
18303,F,MURIDAE,MICROTUS PENNSYLVANICUS,HENNEPIN,1997,1,13.64,7.93,10.58,1144.387816,1.144387816,149,14.9,0.076804551,39,17
18305,M,MURIDAE,MICROTUS PENNSYLVANICUS,POLK,1995,0,13.74,7.62,11.15,1167.39162,1.16739162,113,11.3,0.103308993,34,17
18624,M,MURIDAE,MICROTUS PENNSYLVANICUS,DAKOTA,2002,1,15.07,8.48,11.06,1413.397216,1.413397216,141,14.1,0.100240937,38,19
18624,M,MURIDAE,MICROTUS PENNSYLVANICUS,DAKOTA,2002,1,14.69,8.05,11,1300.7995,1.3007995,141,14.1,0.092255284,38,19
18695,F,MURIDAE,MICROTUS PENNSYLVANICUS,CLEARWATER,2003,0,14.12,7.52,10.99,1166.944576,1.166944576,144,14.4,0.081037818,42,18
19060,F,MURIDAE,MICROTUS PENNSYLVANICUS,RAMSEY,2005,1,14.62,8.46,11.76,1454.537952,1.454537952,140,14,0.103895568,41,20
497,M,MUSTELIDAE,MUSTELA ERMINEA,COOK,1922,0,24.93,13.87,17.63,6096.085533,6.096085533,226,22.6,0.269738298,59,30
498,M,MUSTELIDAE,MUSTELA ERMINEA,LAKE,1922,0,26.64,14.92,18.29,7269.704352,7.269704352,312,31.2,0.233003345,90,41
1156,UNKNOWN,MUSTELIDAE,MUSTELA ERMINEA,ROSEAU,1935,0,26.84,13.48,19.09,6906.823088,6.906823088,325.4,32.54,0.212256395,101.6,44.5
1157,UNKNOWN,MUSTELIDAE,MUSTELA ERMINEA,ROSEAU,1935,0,26.87,12.93,18.75,6514.295625,6.514295625,295.3,29.53,0.220599242,98.4,41.3
1158,UNKNOWN,MUSTELIDAE,MUSTELA ERMINEA,ROSEAU,1935,0,21.29,11.15,16.24,3855.10804,3.85510804,257.2,25.72,0.14988756,79.4,41.3
1353,M,MUSTELIDAE,MUSTELA ERMINEA,LAKE OF THE WOODS,1939,0,25.79,13.39,19.98,6899.655438,6.899655438,327,32.7,0.210998637,101.6,38.1
1925,M,MUSTELIDAE,MUSTELA ERMINEA,LAKE OF THE WOODS,1946,0,27.84,14,19.89,7752.3264,7.7523264,317.5,31.75,0.244167761,88.9,44.5
1926,M,MUSTELIDAE,MUSTELA ERMINEA,LAKE OF THE WOODS,1946,0,28.18,12.9,18.3,6652.4526,6.6524526,285.8,28.58,0.232766011,76.2,38 1/9
3074,F,MUSTELIDAE,MUSTELA ERMINEA,ST. LOUIS,1945,0,24.07,10.28,15.64,3869.955344,3.869955344,230,23,0.168258928,55,30
4744,F,MUSTELIDAE,MUSTELA ERMINEA,CLEARWATER,1959,0,24.84,13.63,17.46,5911.418232,5.911418232,237,23.7,0.24942693,53,33
4786,M,MUSTELIDAE,MUSTELA ERMINEA,SCOTT,1958,0,28.72,13.11,18.89,7112.447688,7.112447688,290,29,0.245256817,74,36
4928,M,MUSTELIDAE,MUSTELA ERMINEA,SCOTT,1958,0,27.98,13.51,20.41,7715.180018,7.715180018,308,30.8,0.250492858,81,41
7907,M,MUSTELIDAE,MUSTELA ERMINEA,ST. LOUIS,1966,0,28.36,14.16,20.74,8328.719424,8.328719424,320,32,0.260272482,90,40
7908,F,MUSTELIDAE,MUSTELA ERMINEA,COOK,1966,0,21.89,10.3,15.39,3469.93713,3.46993713,240,24,0.144580714,60,29
8047,M,MUSTELIDAE,MUSTELA ERMINEA,KANDIYOHI,1968,0,29.97,13.27,19.72,7842.681468,7.842681468,300,30,0.261422716,88,39
11699,M,MUSTELIDAE,MUSTELA ERMINEA,ITASCA,1970,0,28.27,12.54,18.43,6533.541894,6.533541894,305,30.5,0.214214488,80,37
11854,F,MUSTELIDAE,MUSTELA ERMINEA,COOK,1972,0,24.69,13.51,17.35,5787.298965,5.787298965,238,23.8,0.243163822,69,29
13656,F,MUSTELIDAE,MUSTELA ERMINEA,STEARNS,1977,0,25.13,12.85,17.07,5512.252935,5.512252935,240,24,0.229677206,65,31
14725,F,MUSTELIDAE,MUSTELA ERMINEA,MURRAY,1983,0,26.57,13.54,17.93,6450.457354,6.450457354,265,26.5,0.243413485,74,30
16408,M,MUSTELIDAE,MUSTELA ERMINEA,OTTERTAIL,1981,0,28.1,14.72,18.04,7461.92128,7.46192128,279,27.9,0.267452376,76,31
18568,M,MUSTELIDAE,MUSTELA ERMINEA,KANABEC,1999,0,27.48,12.68,17.72,6174.470208,6.174470208,275,27.5,0.224526189,67,35
18570,M,MUSTELIDAE,MUSTELA ERMINEA,KANABEC,2001,0,28.17,14.09,19.63,7791.447339,7.791447339,380,38,0.205038088,73,39
210,M,VESPERTILIONIDAE,MYOTIS LUCIFUGUS,SHERBURNE,1916,0,8.91,4.9,7.12,310.85208,0.31085208,87.1,8.71,0.035689102,30.1,9.1
300,UNKNOWN,VESPERTILIONIDAE,MYOTIS LUCIFUGUS,CLEARWATER,1921,0,9.05,5.14,7.24,336.78308,0.33678308,85.7,8.57,0.039297909,41.3,9.5
589,M,VESPERTILIONIDAE,MYOTIS LUCIFUGUS,SHERBURNE,1920,0,9.12,4.94,7.3,328.88544,0.32888544,91,9.1,0.036141257,40,10.5
1463,UNKNOWN,VESPERTILIONIDAE,MYOTIS LUCIFUGUS,RAMSEY,1936,1,9.44,5.2,8.04,394.66752,0.39466752,89,8.9,0.044344665,36,9
1465,F,VESPERTILIONIDAE,MYOTIS LUCIFUGUS,HENNEPIN,1937,1,7.97,5.16,7.26,298.568952,0.298568952,82,8.2,0.036410848,33,9
1471,F,VESPERTILIONIDAE,MYOTIS LUCIFUGUS,DAKOTA,1936,1,9.21,5.27,8.13,394.603371,0.394603371,91,9.1,0.043363008,39,11
1472,F,VESPERTILIONIDAE,MYOTIS LUCIFUGUS,CLEARWATER,1938,0,8.75,5.13,7.66,343.83825,0.34383825,85,8.5,0.040451559,29,10
2500,M,VESPERTILIONIDAE,MYOTIS LUCIFUGUS,FILLMORE,1948,0,8.6,5.24,7.5,337.98,0.33798,88,8.8,0.038406818,42,11
2554,M,VESPERTILIONIDAE,MYOTIS LUCIFUGUS,ROSEAU,1948,0,8.56,5.23,7.32,327.707616,0.327707616,87,8.7,0.037667542,38,10
2855,M,VESPERTILIONIDAE,MYOTIS LUCIFUGUS,HENNEPIN,1937,1,8.69,5.16,7.61,341.235444,0.341235444,85,8.5,0.040145346,38,11
3000,F,VESPERTILIONIDAE,MYOTIS LUCIFUGUS,HENNEPIN,1950,1,9.05,5.11,7.39,341.754245,0.341754245,78,7.8,0.043814647,36,11
4783,F,VESPERTILIONIDAE,MYOTIS LUCIFUGUS,TODD,1959,0,8.93,5.05,7.43,335.066995,0.335066995,90,9,0.037229666,37,12
4947,M,VESPERTILIONIDAE,MYOTIS LUCIFUGUS,ST. LOUIS,1958,0,8.88,5.17,7.24,332.385504,0.332385504,96,9.6,0.03462349,38,11
7617,F,VESPERTILIONIDAE,MYOTIS LUCIFUGUS,CROW WING,1966,0,8.83,5.24,7.41,342.854772,0.342854772,83,8.3,0.041307804,32,10
7618,M,VESPERTILIONIDAE,MYOTIS LUCIFUGUS,ST. LOUIS,1966,0,9.08,5.13,7.53,350.750412,0.350750412,88,8.8,0.039858001,35,10
8102,M,VESPERTILIONIDAE,MYOTIS LUCIFUGUS,HENNEPIN,1967,1,9,5.08,7.33,335.1276,0.3351276,85,8.5,0.039426776,36,10
11361,M,VESPERTILIONIDAE,MYOTIS LUCIFUGUS,COOK,1972,0,8.56,5.44,7.23,336.675072,0.336675072,87,8.7,0.038698284,34,8
11620,F,VESPERTILIONIDAE,MYOTIS LUCIFUGUS,HENNEPIN,1972,1,9.14,5.38,7.5,368.799,0.368799,80,8,0.046099875,32,9
11621,F,VESPERTILIONIDAE,MYOTIS LUCIFUGUS,HOUSTON,1972,0,9.07,5.55,7.5,377.53875,0.37753875,75,7.5,0.0503385,35,9.5
12834,F,VESPERTILIONIDAE,MYOTIS LUCIFUGUS,RAMSEY,1972,1,9.4,5.36,7.15,360.2456,0.3602456,86,8.6,0.041889023,34,10
12836,F,VESPERTILIONIDAE,MYOTIS LUCIFUGUS,RAMSEY,1972,1,9.05,4.92,7.21,321.03246,0.32103246,95,9.5,0.033792891,36,10
12839,M,VESPERTILIONIDAE,MYOTIS LUCIFUGUS,RAMSEY,1972,1,8.85,5.24,7.57,351.05118,0.35105118,77,7.7,0.045591062,35,9
13374,M,VESPERTILIONIDAE,MYOTIS LUCIFUGUS,RAMSEY,1950,1,9.57,5.31,7.7,391.28859,0.39128859,98,9.8,0.039927407,37,12
16695,F,VESPERTILIONIDAE,MYOTIS LUCIFUGUS,ST. LOUIS,1987,0,8.98,5.29,7.58,360.081836,0.360081836,91,9.1,0.039569433,38,10
18321,M,VESPERTILIONIDAE,MYOTIS LUCIFUGUS,CLEARWATER,1999,0,8.71,5.15,7.37,330.592405,0.330592405,87,8.7,0.037999127,44,11
18326,F,VESPERTILIONIDAE,MYOTIS LUCIFUGUS,CLEARWATER,1999,0,8.74,5.22,7.35,335.32758,0.33532758,92,9.2,0.03644865,36,11
18546,F,VESPERTILIONIDAE,MYOTIS LUCIFUGUS,RAMSEY,2000,1,8.5,5.22,7.22,320.3514,0.3203514,80,8,0.040043925,31,9
19027,M,VESPERTILIONIDAE,MYOTIS LUCIFUGUS,HENNEPIN,2004,1,8.9,5.59,7.45,370.64495,0.37064495,70,7,0.052949279,20,9
161,M,MURIDAE,PEROMYSCUS LEUCOPUS,SHERBURNE,1916,0,13.25,8.04,11.51,1226.1603,1.2261603,156,15.6,0.078600019,69,20
536,M,MURIDAE,PEROMYSCUS LEUCOPUS,SHERBURNE,1920,0,15.2,7.77,11.6,1370.0064,1.3700064,140,14,0.0978576,58,19.5
539,M,MURIDAE,PEROMYSCUS LEUCOPUS,SHERBURNE,1928,0,13.4,7.76,12.23,1271.72432,1.27172432,149,14.9,0.085350626,61,20
544,F,MURIDAE,PEROMYSCUS LEUCOPUS,SHERBURNE,1920,0,14.48,8.27,11.39,1363.947944,1.363947944,165,16.5,0.082663512,76,19
724,M,MURIDAE,PEROMYSCUS LEUCOPUS,WINONA,1914,0,15.5,7.67,12.16,1445.6416,1.4456416,176,17.6,0.082138727,74,22
725,F,MURIDAE,PEROMYSCUS LEUCOPUS,WINONA,1914,0,15.76,7.73,12.23,1489.917304,1.489917304,155,15.5,0.096123697,63,20
1301,M,MURIDAE,PEROMYSCUS LEUCOPUS,GOODHUE,1938,0,15.63,8.66,11.68,1580.955744,1.580955744,178.51,17.851,0.088563988,74.66,18.6
1314,UNKNOWN,MURIDAE,PEROMYSCUS LEUCOPUS,GOODHUE,1938,0,15.05,7.71,11.89,1379.662095,1.379662095,170,17,0.081156594,80,20
1784,F,MURIDAE,PEROMYSCUS LEUCOPUS,HENNEPIN,1938,1,15.7,8.31,12.08,1576.04136,1.57604136,162,16.2,0.097286504,70,20
2298,M,MURIDAE,PEROMYSCUS LEUCOPUS,WINONA,1947,0,15.99,7.82,11.28,1410.471504,1.410471504,152,15.2,0.092794178,64,21
2612,F,MURIDAE,PEROMYSCUS LEUCOPUS,ANOKA,1948,1,15.86,8.22,11.78,1535.749176,1.535749176,179,17.9,0.085796043,76,21
2633,M,MURIDAE,PEROMYSCUS LEUCOPUS,HENNEPIN,1948,1,16.06,8.29,12.11,1612.293914,1.612293914,163,16.3,0.098913737,69,19
3207,M,MURIDAE,PEROMYSCUS LEUCOPUS,MORRISON,1951,0,16.09,8.32,12.01,1607.764288,1.607764288,166,16.6,0.09685327,75,21
3236,F,MURIDAE,PEROMYSCUS LEUCOPUS,POLK,1946,0,15.58,7.96,11.43,1417.512024,1.417512024,172,17.2,0.08241349,76,21
3333,M,MURIDAE,PEROMYSCUS LEUCOPUS,HENNEPIN,1951,1,15.97,8.7,12.47,1732.56933,1.73256933,153,15.3,0.113239825,68,22
3403,F,MURIDAE,PEROMYSCUS LEUCOPUS,ISANTI,1953,0,14.98,7.9,11.54,1365.66668,1.36566668,140,14,0.09754762,70,16
4195,M,MURIDAE,PEROMYSCUS LEUCOPUS,HENNEPIN,1931,1,15.6,8.15,11.72,1490.0808,1.4900808,160,16,0.09313005,76,19
4434,F,MURIDAE,PEROMYSCUS LEUCOPUS,ANOKA,1932,1,15.96,8.04,11.88,1524.422592,1.524422592,164,16.4,0.092952597,66,19
4718,F,MURIDAE,PEROMYSCUS LEUCOPUS,TODD,1958,0,13.57,8.03,12.13,1321.770923,1.321770923,186,18.6,0.071062953,85,21
5079,F,MURIDAE,PEROMYSCUS LEUCOPUS,RAMSEY,1958,1,15.19,7.98,12.1,1466.71602,1.46671602,170,17,0.086277413,70,19
5919,M,MURIDAE,PEROMYSCUS LEUCOPUS,HENNEPIN,1960,1,15.19,7.97,11.4,1380.13302,1.38013302,160,16,0.086258314,70,21
9142,M,MURIDAE,PEROMYSCUS LEUCOPUS,CASS,1966,0,15.95,7.88,11.82,1485.60852,1.48560852,175,17.5,0.084891915,82,21
9214,M,MURIDAE,PEROMYSCUS LEUCOPUS,RAMSEY,1966,1,15.73,7.97,11.91,1493.134071,1.493134071,162,16.2,0.09216877,74,19
9216,F,MURIDAE,PEROMYSCUS LEUCOPUS,RAMSEY,1966,1,15.83,7.83,12.16,1507.218624,1.507218624,149,14.9,0.101155612,62,20
9366,F,MURIDAE,PEROMYSCUS LEUCOPUS,CASS,1967,0,15.77,8.3,11.9,1557.6029,1.5576029,175,17.5,0.08900588,81,21
9631,M,MURIDAE,PEROMYSCUS LEUCOPUS,RAMSEY,1968,1,15.15,7.71,11.88,1387.66122,1.38766122,167,16.7,0.083093486,78,19
9634,F,MURIDAE,PEROMYSCUS LEUCOPUS,RAMSEY,1968,1,14.91,7.95,11.52,1365.51744,1.36551744,152,15.2,0.089836674,66,18
11671,F,MURIDAE,PEROMYSCUS LEUCOPUS,HOUSTON,1972,0,16.24,8.11,11.65,1534.37956,1.53437956,171,17.1,0.089729799,74,21
12360,F,MURIDAE,PEROMYSCUS LEUCOPUS,RAMSEY,1973,1,16,8.35,12.09,1615.224,1.615224,169,16.9,0.095575385,79,21
13212,M,MURIDAE,PEROMYSCUS LEUCOPUS,RENVILLE,1974,0,15.12,7.81,11.79,1392.248088,1.392248088,158,15.8,0.088116968,72,20
14434,M,MURIDAE,PEROMYSCUS LEUCOPUS,ANOKA,1979,1,14.89,8.39,12.15,1517.864265,1.517864265,174,17.4,0.087233578,74,16
14436,F,MURIDAE,PEROMYSCUS LEUCOPUS,ANOKA,1979,1,14.58,7.99,12.12,1411.909704,1.411909704,185,18.5,0.076319443,83,18
14439,F,MURIDAE,PEROMYSCUS LEUCOPUS,BELTRAMI,1979,0,13.82,7.63,11.91,1255.869006,1.255869006,173,17.3,0.072593584,76,12
14602,F,MURIDAE,PEROMYSCUS LEUCOPUS,PIPESTONE,1982,0,15.22,7.69,11.36,1329.594848,1.329594848,155,15.5,0.085780313,63,21
14714,M,MURIDAE,PEROMYSCUS LEUCOPUS,NOBLES,1983,0,15.66,7.96,11.89,1482.131304,1.482131304,178,17.8,0.083265804,77,22
15006,M,MURIDAE,PEROMYSCUS LEUCOPUS,ANOKA,1986,1,15.98,7.93,11.93,1511.786302,1.511786302,167,16.7,0.090526126,79,22
15007,F,MURIDAE,PEROMYSCUS LEUCOPUS,ANOKA,1986,1,15.33,7.47,11.85,1357.003935,1.357003935,150,15,0.090466929,65,20
15227,M,MURIDAE,PEROMYSCUS LEUCOPUS,LAC QUI PARLE,1988,0,14.16,8.64,12.36,1512.152064,1.512152064,194,19.4,0.077945983,91,22
15533,M,MURIDAE,PEROMYSCUS LEUCOPUS,WASHINGTON,1988,1,15.03,8.61,12.29,1590.428007,1.590428007,160,16,0.09940175,75,22
16300,M,MURIDAE,PEROMYSCUS LEUCOPUS,ANOKA,1982,1,15.79,7.94,12.04,1509.486104,1.509486104,163,16.3,0.092606509,67,21
18299,F,MURIDAE,PEROMYSCUS LEUCOPUS,HENNEPIN,1997,1,15.62,7.89,11.34,1397.562012,1.397562012,172,17.2,0.081253605,72,20
18349,M,MURIDAE,PEROMYSCUS LEUCOPUS,CLEARWATER,1999,0,15.71,8.01,11.27,1418.184117,1.418184117,149,14.9,0.095180142,69,20
18352,F,MURIDAE,PEROMYSCUS LEUCOPUS,CLEARWATER,1999,0,16.12,8.02,12.04,1556.560096,1.556560096,155,15.5,0.100423232,75,22
18554,F,MURIDAE,PEROMYSCUS LEUCOPUS,ANOKA,1999,1,15.12,8.07,11.76,1434.936384,1.434936384,167,16.7,0.085924334,78,20
18984,F,MURIDAE,PEROMYSCUS LEUCOPUS,DAKOTA,2004,1,13.85,7.87,12.06,1314.53397,1.31453397,135,13.5,0.097372887,62,19
18986,F,MURIDAE,PEROMYSCUS LEUCOPUS,RAMSEY,2004,1,15.8,8.05,11.89,1512.2891,1.5122891,158,15.8,0.0957145,75,21
19069,M,MURIDAE,PEROMYSCUS LEUCOPUS,CLEARWATER,2005,0,14.92,7.54,11.56,1300.463008,1.300463008,154,15.4,0.08444565,74,19
19071,F,MURIDAE,PEROMYSCUS LEUCOPUS,RAMSEY,2004,1,15.31,7.77,11.95,1421.556465,1.421556465,161,16.1,0.088295433,77,20
19072,M,MURIDAE,PEROMYSCUS LEUCOPUS,RAMSEY,2004,1,15.39,8.38,11.94,1539.880308,1.539880308,140,14,0.109991451,69,19
1035,F,VESPERTILIONIDAE,PIPISTRELLUS SUBFLAVUS,NICOLLET,1934,0,6.94,4.86,6.63,223.619292,0.223619292,78.7,7.87,0.028414141,38.1,9.1
1036,M,VESPERTILIONIDAE,PIPISTRELLUS SUBFLAVUS,NICOLLET,1934,0,7.5,4.73,6.85,243.00375,0.24300375,76.2,7.62,0.031890256,38.1,9.7
1418,M,VESPERTILIONIDAE,PIPISTRELLUS SUBFLAVUS,GOODHUE,1941,0,7.29,4.92,6.94,248.915592,0.248915592,81,8.1,0.03073032,33.7,9.3
2862,M,VESPERTILIONIDAE,PIPISTRELLUS SUBFLAVUS,WABASHA,1940,0,7.52,4.82,6.86,248.650304,0.248650304,81,8.1,0.030697568,34,8
4335,F,VESPERTILIONIDAE,PIPISTRELLUS SUBFLAVUS,FILLMORE,1958,0,7.55,4.95,6.9,257.87025,0.25787025,84,8.4,0.030698839,39,8
4336,F,VESPERTILIONIDAE,PIPISTRELLUS SUBFLAVUS,FILLMORE,1958,0,8.04,5.19,6.95,290.00682,0.29000682,83,8.3,0.034940581,41,8
4337,M,VESPERTILIONIDAE,PIPISTRELLUS SUBFLAVUS,FILLMORE,1958,0,7.83,5.08,6.72,267.297408,0.267297408,86,8.6,0.031081094,42,9
4339,M,VESPERTILIONIDAE,PIPISTRELLUS SUBFLAVUS,FILLMORE,1958,0,7.55,4.74,6.83,244.42521,0.24442521,81,8.1,0.030175952,39,8
11629,M,VESPERTILIONIDAE,PIPISTRELLUS SUBFLAVUS,HOUSTON,1972,0,8.17,4.76,6.84,266.002128,0.266002128,80,8,0.033250266,40,10
3674,F,PROCYONIDAE,PROCYON LOTOR,CARVER,1954,0,62.63,33.73,47.99,101379.3501,101.3793501,787.4,78.74,1.287520321,254,95.3
4498,M,PROCYONIDAE,PROCYON LOTOR,FILLMORE,1958,0,61.73,35.21,50.51,109784.1568,109.7841568,818.9,81.89,1.340629586,304.8,120.6
5621,M,PROCYONIDAE,PROCYON LOTOR,JACKSON,1962,0,62.57,34.99,51.18,112049.6177,112.0496177,820,82,1.366458752,248,117
5622,M,PROCYONIDAE,PROCYON LOTOR,NICOLLET,1962,0,61.46,35.16,49.43,106814.9478,106.8149478,753,75.3,1.418525203,235,121
5694,M,PROCYONIDAE,PROCYON LOTOR,WABASHA,1963,0,68.45,34.79,54.8,130499.3774,130.4993774,785,78.5,1.662412451,210,115
8077,M,PROCYONIDAE,PROCYON LOTOR,ROCK,1966,0,72.29,36.53,53.04,140065.5762,140.0655762,890,89,1.573770519,279,132
11695,F,PROCYONIDAE,PROCYON LOTOR,DAKOTA,1972,1,63.53,35.14,49,109389.7658,109.3897658,910,91,1.202085338,260,109
13042,M,PROCYONIDAE,PROCYON LOTOR,PINE,1975,0,58.07,34.54,47.79,95854.20946,95.85420946,610,61,1.571380483,140,76
18566,M,PROCYONIDAE,PROCYON LOTOR,CLEARWATER,1999,0,69.19,36.94,49.61,126797.1373,126.7971373,860,86,1.474385317,215,113
18567,M,PROCYONIDAE,PROCYON LOTOR,STEARNS,1999,0,72.65,36.71,53.24,141990.0951,141.9900951,830,83,1.710724037,280,120
178,M,TALPIDAE,SCALOPUS AQUATICUS,SHERBURNE,1917,0,19.15,8.97,18.72,3215.63736,3.21563736,163,16.3,0.197278366,30,19
3165,M,TALPIDAE,SCALOPUS AQUATICUS,GOODHUE,1951,0,19.22,10.26,18.91,3728.999052,3.728999052,174,17.4,0.21431029,24,32
7930,F,TALPIDAE,SCALOPUS AQUATICUS,NOBLES,1966,0,18.89,9.26,18.38,3215.055332,3.215055332,169,16.9,0.19023996,21,22
12327,F,TALPIDAE,SCALOPUS AQUATICUS,OLMSTED,1973,0,19.2,9.53,18.62,3407.01312,3.40701312,180,18,0.189278507,28,24
13019,M,TALPIDAE,SCALOPUS AQUATICUS,SHERBURNE,1975,0,18.06,9.71,18.11,3175.816686,3.175816686,175,17.5,0.181475239,26,24
13086,F,TALPIDAE,SCALOPUS AQUATICUS,ISANTI,1972,0,18.06,9.53,18.33,3154.809294,3.154809294,167,16.7,0.188910736,28,22
15054,M,TALPIDAE,SCALOPUS AQUATICUS,LAC QUI PARLE,1988,0,19.97,10.15,19.58,3968.77789,3.96877789,178,17.8,0.22296505,23,23
603,UNKNOWN,SCIURIDAE,SCIURUS CAROLINENSIS,HENNEPIN,1911,1,35.27,20.08,27.19,19256.5453,19.2565453,550,55,0.350119005,275,69.9
1166,UNKNOWN,SCIURIDAE,SCIURUS CAROLINENSIS,FILLMORE,1935,0,33.58,19.94,27.1,18145.75892,18.14575892,495.3009906,49.53009906,0.36635822,222.2504445,68.58013716
1213,M,SCIURIDAE,SCIURUS CAROLINENSIS,SCOTT,1937,0,33.69,18.95,24.15,15417.97583,15.41797583,439.4208788,43.94208788,0.350870352,196.8503937,60.96012192
1876,UNKNOWN,SCIURIDAE,SCIURUS CAROLINENSIS,HENNEPIN,1943,1,36.58,19.62,25.85,18552.53466,18.55253466,368.3007366,36.83007366,0.503733303,228.6004572,60.32512065
1970,M,SCIURIDAE,SCIURUS CAROLINENSIS,LESUEUR,1946,0,33.9,19,26.22,16888.302,16.888302,495.3009906,49.53009906,0.340970487,215.9004318,69.8501397
1971,M,SCIURIDAE,SCIURUS CAROLINENSIS,HENNEPIN,1946,1,34.46,18.89,25.34,16495.0578,16.4950578,400,40,0.412376445,180,60
2916,M,SCIURIDAE,SCIURUS CAROLINENSIS,RAMSEY,1950,1,34.55,19.24,27.58,18333.58436,18.33358436,571,57.1,0.321078535,207,73
2917,M,SCIURIDAE,SCIURUS CAROLINENSIS,RAMSEY,1950,1,34.81,19.62,27.11,18515.37634,18.51537634,337,33.7,0.549417696,193,66
3099,M,SCIURIDAE,SCIURUS CAROLINENSIS,HENNEPIN,1952,1,35.42,18.91,24.89,16671.12786,16.67112786,425.4508509,42.54508509,0.391846152,203.2004064,63.500127
3864,M,SCIURIDAE,SCIURUS CAROLINENSIS,HENNEPIN,1956,1,35.57,19.83,24.93,17584.45278,17.58445278,488.9509779,48.89509779,0.359636315,228.6004572,63.500127
4426,F,SCIURIDAE,SCIURUS CAROLINENSIS,HENNEPIN,1958,1,34.49,19.38,27.19,18174.23648,18.17423648,484,48.4,0.375500754,219,66
4763,M,SCIURIDAE,SCIURUS CAROLINENSIS,TODD,1959,0,34.98,19.26,28.58,19254.76898,19.25476898,523,52.3,0.368160019,237,74
5716,M,SCIURIDAE,SCIURUS CAROLINENSIS,HENNEPIN,1962,1,36.42,18.76,26.3,17969.19096,17.96919096,480,48,0.374358145,214,63
7624,F,SCIURIDAE,SCIURUS CAROLINENSIS,OTTERTAIL,1966,0,34.57,18.64,27.35,17623.92428,17.62392428,470,47,0.374977112,187,65
7626,M,SCIURIDAE,SCIURUS CAROLINENSIS,OTTERTAIL,1966,0,35.52,18.81,27.57,18420.37718,18.42037718,468,46.8,0.393597803,204,60
11953,M,SCIURIDAE,SCIURUS CAROLINENSIS,CROW WING,1972,0,34.39,18.71,26.21,16864.48115,16.86448115,482,48.2,0.349885501,210,66
11954,F,SCIURIDAE,SCIURUS CAROLINENSIS,MILLE LACS,1972,0,34.36,19.18,27.25,17958.4258,17.9584258,494,49.4,0.363530887,216,67
12285,F,SCIURIDAE,SCIURUS CAROLINENSIS,HENNEPIN,1973,1,34.8,19.04,26.71,17697.83232,17.69783232,495,49.5,0.357531966,232,73
12605,F,SCIURIDAE,SCIURUS CAROLINENSIS,SCOTT,1972,0,34.81,19.99,26.98,18774.08426,18.77408426,470,47,0.399448601,220,72
12608,M,SCIURIDAE,SCIURUS CAROLINENSIS,SCOTT,1972,0,35.75,18.46,26.6,17554.537,17.554537,430,43,0.408245047,150,71
13154,F,SCIURIDAE,SCIURUS CAROLINENSIS,HENNEPIN,1974,1,37.06,19.03,26.17,18456.43961,18.45643961,500,50,0.369128792,222,73
15675,F,SCIURIDAE,SCIURUS CAROLINENSIS,CASS,1969,0,34.14,18.8,26.89,17258.86248,17.25886248,462,46.2,0.373568452,210,66
15676,M,SCIURIDAE,SCIURUS CAROLINENSIS,RAMSEY,1979,1,31.87,19.53,26.49,16487.93494,16.48793494,445,44.5,0.370515392,214,64
18947,F,SCIURIDAE,SCIURUS CAROLINENSIS,ANOKA,2004,1,32.63,18.77,25.81,15807.72423,15.80772423,490,49,0.322606617,205,55
18948,F,SCIURIDAE,SCIURUS CAROLINENSIS,HENNEPIN,2003,1,36.86,20.21,26.94,20068.69976,20.06869976,477,47.7,0.420727458,280,62
2557,F,SORICIDAE,SOREX ARCTICUS,ROSEAU,1948,0,9.1,5.86,9.36,499.13136,0.49913136,112,11.2,0.0445653,39,13
3004,F,SORICIDAE,SOREX ARCTICUS,CLEARWATER,1946,0,9.15,5.4,9.21,455.0661,0.4550661,106,10.6,0.042930764,39,12
3133,M,SORICIDAE,SOREX ARCTICUS,COOK,1951,0,10,5.39,9.78,527.142,0.527142,123,12.3,0.042857073,40,14
3882,M,SORICIDAE,SOREX ARCTICUS,ST. LOUIS,1955,0,8.72,4.52,7.8,307.43232,0.30743232,105,10.5,0.029279269,39,13
4446,F,SORICIDAE,SOREX ARCTICUS,MAHNOMEN,1957,0,9.92,5.41,9.46,507.691712,0.507691712,112,11.2,0.045329617,41,14
5073,F,SORICIDAE,SOREX ARCTICUS,MARSHALL,1959,0,10.65,5.71,9.51,578.317365,0.578317365,121,12.1,0.047794824,40,14
7589,M,SORICIDAE,SOREX ARCTICUS,ST. LOUIS,1966,0,10.07,5.84,9.37,551.038456,0.551038456,108,10.8,0.051022079,40,15
7601,F,SORICIDAE,SOREX ARCTICUS,LAKE OF THE WOODS,1966,0,10.11,5.89,9.29,553.199991,0.553199991,108,10.8,0.051222221,36,13
8894,F,SORICIDAE,SOREX ARCTICUS,POLK,1968,0,10.44,5.61,9.27,542.929068,0.542929068,112,11.2,0.04847581,45,15
10672,F,SORICIDAE,SOREX ARCTICUS,COOK,1972,0,10.45,5.78,9.24,558.10524,0.55810524,110,11,0.05073684,42,15
10676,M,SORICIDAE,SOREX ARCTICUS,COOK,1972,0,9.35,5.21,9.28,452.06128,0.45206128,106,10.6,0.042647291,36,14
10677,F,SORICIDAE,SOREX ARCTICUS,COOK,1972,0,9.56,5.5,9.41,494.7778,0.4947778,108,10.8,0.045812759,37,14
14189,F,SORICIDAE,SOREX ARCTICUS,BECKER,1980,0,10.13,5.24,9.3,493.65516,0.49365516,106,10.6,0.046571242,39,12
14389,M,SORICIDAE,SOREX ARCTICUS,POLK,1979,0,10.87,5.88,9.54,609.754824,0.609754824,110,11,0.055432257,42,15
15089,M,SORICIDAE,SOREX ARCTICUS,NORMAN,1988,0,9.69,5.19,9.28,466.701408,0.466701408,105,10.5,0.044447753,38,16
16368,F,SORICIDAE,SOREX ARCTICUS,WILKIN,1981,0,9.98,5.6,9.44,527.58272,0.52758272,116,11.6,0.045481269,38,11
16369,M,SORICIDAE,SOREX ARCTICUS,WILKIN,1981,0,10.06,5.83,9.15,536.64567,0.53664567,109,10.9,0.049233548,46,11
17930,M,SORICIDAE,SOREX ARCTICUS,POLK,1998,0,10.22,5.73,9.44,552.812064,0.552812064,118,11.8,0.04684848,38,13
17931,M,SORICIDAE,SOREX ARCTICUS,POLK,1998,0,10.19,5.86,9.25,552.34895,0.55234895,109,10.9,0.050674216,39,13
18593,UNKNOWN,SORICIDAE,SOREX ARCTICUS,RICE,2002,0,10,5.48,9.46,518.408,0.518408,112,11.2,0.046286429,34,12
2255,UNKNOWN,SORICIDAE,SOREX CINEREUS,COOK,1947,0,7.24,3.68,6.82,181.706624,0.181706624,84,8.4,0.021631741,35,11
2350,F,SORICIDAE,SOREX CINEREUS,HENNEPIN,1947,1,8.7,4.88,7.66,325.21296,0.32521296,96,9.6,0.03387635,39,11
2451,M,SORICIDAE,SOREX CINEREUS,ANOKA,1947,1,8.26,4.04,7.36,245.606144,0.245606144,79,7.9,0.031089385,35,11
2508,M,SORICIDAE,SOREX CINEREUS,FILLMORE,1948,0,8.03,4.08,7.39,242.114136,0.242114136,92,9.2,0.026316754,47,11
2735,M,SORICIDAE,SOREX CINEREUS,ANOKA,1949,1,8.57,4.54,7.81,303.869918,0.303869918,96,9.6,0.031653116,40,12
2737,F,SORICIDAE,SOREX CINEREUS,CLEARWATER,1949,0,8.43,4.34,7.56,276.591672,0.276591672,99,9.9,0.027938553,42,13
3132,M,SORICIDAE,SOREX CINEREUS,COOK,1951,0,7.98,4.46,7.65,272.26962,0.27226962,102,10.2,0.0266931,36,11
3168,UNKNOWN,SORICIDAE,SOREX CINEREUS,ANOKA,1951,1,9.07,4.93,7.9,353.24929,0.35324929,91,9.1,0.038818603,40,12
3731,M,SORICIDAE,SOREX CINEREUS,DAKOTA,1954,1,8.16,4.5,7.27,266.9544,0.2669544,96,9.6,0.02780775,39,12
3921,UNKNOWN,SORICIDAE,SOREX CINEREUS,CLEARWATER,1957,0,8.26,5.15,7.14,303.72846,0.30372846,83,8.3,0.03659379,37,11
5988,F,SORICIDAE,SOREX CINEREUS,FILLMORE,1958,0,8.86,4.36,7.46,288.176816,0.288176816,90,9,0.032019646,34,11
6403,F,SORICIDAE,SOREX CINEREUS,ANOKA,1959,1,8.51,4.33,7.58,279.310114,0.279310114,90,9,0.031034457,38,12
7557,F,SORICIDAE,SOREX CINEREUS,COOK,1966,0,8.18,4.58,7.18,268.994392,0.268994392,82,8.2,0.032804194,35,11
8124,M,SORICIDAE,SOREX CINEREUS,CARVER,1967,0,8.85,4.61,7.8,318.2283,0.3182283,90,9,0.0353587,40,12
8898,M,SORICIDAE,SOREX CINEREUS,FREEBORN,1968,0,8.45,5.16,7.53,328.32306,0.32832306,89,8.9,0.036890231,38,11
8905,F,SORICIDAE,SOREX CINEREUS,RAMSEY,1968,1,8.12,4.71,7.62,291.428424,0.291428424,96,9.6,0.030357128,38,11
11611,M,SORICIDAE,SOREX CINEREUS,RAMSEY,1972,1,8.16,4.34,6.63,234.797472,0.234797472,90,9,0.026088608,36,13
12149,F,SORICIDAE,SOREX CINEREUS,COOK,1972,0,7.74,4.31,7.47,249.194718,0.249194718,93,9.3,0.026795131,21,12
12150,M,SORICIDAE,SOREX CINEREUS,COOK,1973,0,7.67,4.05,7.45,231.423075,0.231423075,95,9.5,0.024360324,37,12
12320,F,SORICIDAE,SOREX CINEREUS,ANOKA,1973,1,9.15,4.57,7.66,320.30673,0.32030673,84,8.4,0.038131754,40,11
13625,F,SORICIDAE,SOREX CINEREUS,STEARNS,1977,0,8.54,4.88,7.35,306.31272,0.30631272,96,9.6,0.031907575,40,12
14393,F,SORICIDAE,SOREX CINEREUS,ANOKA,1979,1,8.75,4.75,7.55,313.796875,0.313796875,94,9.4,0.033382646,37,11
14514,F,SORICIDAE,SOREX CINEREUS,HOUSTON,1982,0,8.96,4.92,8.12,357.955584,0.357955584,102,10.2,0.035093685,38,11
14515,M,SORICIDAE,SOREX CINEREUS,HOUSTON,1982,0,8.15,4.33,7.65,269.964675,0.269964675,83,8.3,0.032525864,34,12
15460,M,SORICIDAE,SOREX CINEREUS,WASHINGTON,1988,1,8.92,5.04,7.8,350.66304,0.35066304,97,9.7,0.036150829,36,11
15461,M,SORICIDAE,SOREX CINEREUS,WASHINGTON,1988,1,8.98,4.94,7.87,349.122644,0.349122644,86,8.6,0.040595656,38,12
15462,F,SORICIDAE,SOREX CINEREUS,WASHINGTON,1988,1,8.88,4.68,7.97,331.220448,0.331220448,87,8.7,0.038071316,35,11
16692,F,SORICIDAE,SOREX CINEREUS,CHIS0O,1987,0,8.37,4.57,7.29,278.849061,0.278849061,87,8.7,0.032051616,35,12
18282,F,SORICIDAE,SOREX CINEREUS,HENNEPIN,1997,1,8.47,4.59,7.28,283.026744,0.283026744,98,9.8,0.02888028,39,11
18449,F,SORICIDAE,SOREX CINEREUS,GRANT,1999,0,8.73,4.89,7.43,317.184471,0.317184471,83,8.3,0.038214997,37,11
18457,M,SORICIDAE,SOREX CINEREUS,RENVILLE,1999,0,8.47,4.55,7.56,291.35106,0.29135106,99,9.9,0.0294294,39,13
19019,UNKNOWN,SORICIDAE,SOREX CINEREUS,CARLTON,2005,0,8.78,4.91,8.01,345.309498,0.345309498,85,8.5,0.040624647,39,11
19020,UNKNOWN,SORICIDAE,SOREX CINEREUS,CARLTON,2005,0,8.38,4.88,7.71,315.295824,0.315295824,84,8.4,0.037535217,38,11
2485,M,SORICIDAE,SOREX HAYDENI,JACKSON,1948,0,8.19,4.52,7.19,266.165172,0.266165172,96,9.6,0.027725539,38,12
2826,UNKNOWN,SORICIDAE,SOREX HAYDENI,POLK,1946,0,9.17,4.61,7.83,331.003071,0.331003071,84,8.4,0.039405128,33,10
3173,F,SORICIDAE,SOREX HAYDENI,LAC QUI PARLE,1951,0,8.41,4.65,7.49,292.907685,0.292907685,97,9.7,0.030196669,32,10
3288,M,SORICIDAE,SOREX HAYDENI,LINCOLN,1952,0,8.32,4.02,7.52,251.516928,0.251516928,89,8.9,0.028260329,34,11
3902,F,SORICIDAE,SOREX HAYDENI,MAHNOMEN,1957,0,7.71,4.09,7.36,232.089504,0.232089504,96,9.6,0.02417599,32,10.5
4601,UNKNOWN,SORICIDAE,SOREX HAYDENI,MAHNOMEN,1957,0,8.14,4.37,7.41,263.587038,0.263587038,94,9.4,0.028041174,33,11
7554,F,SORICIDAE,SOREX HAYDENI,LYON,1966,0,8.62,4.7,7.83,317.22462,0.31722462,81,8.1,0.039163533,34,11
8113,M,SORICIDAE,SOREX HAYDENI,CLAY,1967,0,8.44,4.79,7.66,309.675416,0.309675416,89,8.9,0.034794991,39,11
8897,F,SORICIDAE,SOREX HAYDENI,COTTONWOOD,1968,0,8.73,4.98,8.12,353.020248,0.353020248,100,10,0.035302025,39,11.5
11927,F,SORICIDAE,SOREX HAYDENI,LYON,1972,0,8.25,4.66,7.5,288.3375,0.2883375,85,8.5,0.033922059,34,11
14251,F,SORICIDAE,SOREX HAYDENI,WILKIN,1980,0,8.43,4.49,7.43,281.230701,0.281230701,84,8.4,0.033479845,36,11
14399,M,SORICIDAE,SOREX HAYDENI,NORMAN,1979,0,8.64,4.4,7.71,293.10336,0.29310336,82,8.2,0.035744312,32,10
14400,M,SORICIDAE,SOREX HAYDENI,NORMAN,1979,0,8.15,4.18,7.32,249.37044,0.24937044,85,8.5,0.029337699,31,10
14534,M,SORICIDAE,SOREX HAYDENI,YELLOW MEDICINE,1982,0,8.68,4.75,7.79,321.1817,0.3211817,91,9.1,0.035294692,32,11
14699,M,SORICIDAE,SOREX HAYDENI,REDWOOD,1983,0,8.31,4.53,7.48,281.579364,0.281579364,95,9.5,0.029639933,33,12
15096,F,SORICIDAE,SOREX HAYDENI,BIG STONE,1988,0,8.27,4.21,7.47,260.080749,0.260080749,96,9.6,0.027091745,40,15
15121,M,SORICIDAE,SOREX HAYDENI,NORMAN,1928,0,8.78,4.42,8.05,312.40118,0.31240118,93,9.3,0.033591525,37,12
15122,F,SORICIDAE,SOREX HAYDENI,NORMAN,1928,0,8.89,4.78,7.79,331.029818,0.331029818,92,9.2,0.035981502,38,11
16529,UNKNOWN,SORICIDAE,SOREX HAYDENI,CLAY,1990,0,8.34,4.14,7.52,259.647552,0.259647552,84,8.4,0.030910423,32,10
18470,F,SORICIDAE,SOREX HAYDENI,BECKER,1999,0,8.25,4.08,7.31,246.0546,0.2460546,112,11.2,0.021969161,36,12
18474,M,SORICIDAE,SOREX HAYDENI,STEVENS,1999,0,8.51,4.27,7.81,283.797437,0.283797437,95,9.5,0.029873414,35,11
194,M,SORICIDAE,SOREX PALUSTRIS,SHERBURNE,1918,0,10.89,5.86,10,638.154,0.638154,123,12.3,0.051882439,53,17
2832,M,SORICIDAE,SOREX PALUSTRIS,PINE,1939,0,11.51,5.95,10.5,719.08725,0.71908725,150,15,0.04793915,65,18
3356,UNKNOWN,SORICIDAE,SOREX PALUSTRIS,CLEARWATER,1947,0,11.42,5.66,10.18,658.006696,0.658006696,131,13.1,0.050229519,59,18
3922,UNKNOWN,SORICIDAE,SOREX PALUSTRIS,CLEARWATER,1957,0,11.47,6.12,10.49,736.360236,0.736360236,137,13.7,0.053748922,65,19
7433,M,SORICIDAE,SOREX PALUSTRIS,COOK,1965,0,10.27,5.83,10.48,627.480568,0.627480568,157,15.7,0.039966915,70,19
7547,F,SORICIDAE,SOREX PALUSTRIS,AITKIN,1966,0,11.1,5.91,9.9,649.4499,0.6494499,139,13.9,0.046723014,65,18
8126,F,SORICIDAE,SOREX PALUSTRIS,COOK,1967,0,10.45,5.5,10.26,589.6935,0.5896935,154,15.4,0.038291786,66,19
11211,M,SORICIDAE,SOREX PALUSTRIS,COOK,1972,0,11.22,5.97,10.33,691.938522,0.691938522,142,14.2,0.048728065,65,19
11213,F,SORICIDAE,SOREX PALUSTRIS,COOK,1972,0,11.02,5.92,10.3,671.95552,0.67195552,155,15.5,0.043351969,69,21
11214,M,SORICIDAE,SOREX PALUSTRIS,COOK,1972,0,11.25,5.73,10.21,658.162125,0.658162125,148,14.8,0.044470414,76,20
11215,F,SORICIDAE,SOREX PALUSTRIS,COOK,1972,0,11.37,6.04,10.31,708.037188,0.708037188,136,13.6,0.052061558,65,18
15153,F,SORICIDAE,SOREX PALUSTRIS,CLAY,1988,0,11.04,6.1,10.28,692.29632,0.69229632,147,14.7,0.047094988,67,19
18320,M,SORICIDAE,SOREX PALUSTRIS,CLEARWATER,1999,0,11.54,5.92,10.79,737.138272,0.737138272,130,13,0.056702944,59,16
2330,M,LEPORIDAE,SYLVIL0US FLORIDANUS,HOUSTON,1947,0,32.26,23.59,24.54,18675.26884,18.67526884,295,29.5,0.633059961,42,68
2696,M,LEPORIDAE,SYLVIL0US FLORIDANUS,FREEBORN,1924,0,29.57,21.13,24.36,15220.47148,15.22047148,290,29,0.524843844,33,76
3670,F,LEPORIDAE,SYLVIL0US FLORIDANUS,SHERBURNE,1953,0,37.66,25.13,28.44,26915.49655,26.91549655,445,44.5,0.604842619,50,95
4220,M,LEPORIDAE,SYLVIL0US FLORIDANUS,POPE,1956,0,37.23,24.47,28.12,25617.82897,25.61782897,450,45,0.569285088,54,92
4222,F,LEPORIDAE,SYLVIL0US FLORIDANUS,POPE,1956,0,37.51,24.43,28,25658.3404,25.6583404,445,44.5,0.576591919,54,99
4878,M,LEPORIDAE,SYLVIL0US FLORIDANUS,MILLE LACS,1959,0,41.53,23.62,28.11,27574.18405,27.57418405,470,47,0.586684767,37,105
5095,M,LEPORIDAE,SYLVIL0US FLORIDANUS,BLUE EARTH,1961,0,36.54,21.32,26.96,21002.72429,21.00272429,377,37.7,0.55710144,43,92
5096,F,LEPORIDAE,SYLVIL0US FLORIDANUS,BLUE EARTH,1961,0,37.81,23.11,26.02,22735.99238,22.73599238,425,42.5,0.534964527,49,99
5510,F,LEPORIDAE,SYLVIL0US FLORIDANUS,MILLE LACS,1960,0,35.56,23.92,27.99,23808.15965,23.80815965,433,43.3,0.549842024,44,102
19005,UNKNOWN,LEPORIDAE,SYLVIL0US FLORIDANUS,DAKOTA,2004,1,24.81,18.58,19.22,8859.839556,8.859839556,196,19.6,0.45203263,23,48
10,M,SCIURIDAE,TAMIASCIURUS HUDSONICUS,LAKE,1912,0,27.75,15.79,20.94,9175.33215,9.17533215,274,27.4,0.334866137,124,45
353,M,SCIURIDAE,TAMIASCIURUS HUDSONICUS,HENNEPIN,1916,1,26.33,15.99,20.51,8635.052517,8.635052517,330.2,33.02,0.261509767,125.4,47.6
354,,SCIURIDAE,TAMIASCIURUS HUDSONICUS,ISANTI,1916,0,28.37,15.53,21.89,9644.429729,9.644429729,301.6,30.16,0.319775522,149.2,41.3
495,F,SCIURIDAE,TAMIASCIURUS HUDSONICUS,COOK,1922,0,28.9,16.04,21.75,10082.343,10.082343,308,30.8,0.327348799,125,42
641,M,SCIURIDAE,TAMIASCIURUS HUDSONICUS,ISANTI,1916,0,29.2,16.26,21.28,10103.57376,10.10357376,327.2,32.72,0.308788929,131.1,37.3
729,,SCIURIDAE,TAMIASCIURUS HUDSONICUS,MARSHALL,1929,0,27.01,16,21.77,9408.1232,9.4081232,295,29.5,0.318919431,127,50
730,,SCIURIDAE,TAMIASCIURUS HUDSONICUS,MARSHALL,1929,0,28.3,15.54,21.78,9578.45196,9.57845196,310,31,0.308982321,128,50
1534,F,SCIURIDAE,TAMIASCIURUS HUDSONICUS,CARLTON,1936,0,28.32,15.22,20.45,8814.57168,8.81457168,291,29.1,0.302906243,116,43
2019,F,SCIURIDAE,TAMIASCIURUS HUDSONICUS,HENNEPIN,1946,1,29.88,16.26,22.59,10975.32439,10.97532439,336,33.6,0.326646559,144,50
2156,M,SCIURIDAE,TAMIASCIURUS HUDSONICUS,FILLMORE,1937,0,28.25,15.91,21.87,9829.635525,9.829635525,316,31.6,0.311064415,120,49
2167,M,SCIURIDAE,TAMIASCIURUS HUDSONICUS,CARLTON,1935,0,28.48,16.3,21.7,10073.6608,10.0736608,298.5,29.85,0.337476074,109.2,38.1
2767,F,SCIURIDAE,TAMIASCIURUS HUDSONICUS,LAKE OF THE WOODS,1949,0,29.46,15.26,21.76,9782.416896,9.782416896,320,32,0.305700528,123,49
2769,F,SCIURIDAE,TAMIASCIURUS HUDSONICUS,LAKE OF THE WOODS,1949,0,28.73,15.3,21.37,9393.58953,9.39358953,292,29.2,0.321698272,120,46
2913,M,SCIURIDAE,TAMIASCIURUS HUDSONICUS,ANOKA,1950,1,29.64,16.88,22.09,11052.13949,11.05213949,341,34.1,0.324109662,139,45
2972,M,SCIURIDAE,TAMIASCIURUS HUDSONICUS,ST. LOUIS,1950,0,28.71,15.89,22.62,10319.28698,10.31928698,325,32.5,0.317516522,123,51
3789,M,SCIURIDAE,TAMIASCIURUS HUDSONICUS,HENNEPIN,1955,1,29.87,16.82,23.1,11605.74954,11.60574954,324,32.4,0.358202146,130,47
3790,M,SCIURIDAE,TAMIASCIURUS HUDSONICUS,HENNEPIN,1955,1,27.54,15.44,21.24,9031.621824,9.031621824,312,31.2,0.289475058,111,46
4206,M,SCIURIDAE,TAMIASCIURUS HUDSONICUS,HENNEPIN,1957,1,29.13,16.56,21.77,10501.69126,10.50169126,323,32.3,0.32512976,129,49
4884,M,SCIURIDAE,TAMIASCIURUS HUDSONICUS,LAKE OF THE WOODS,1960,0,29.46,14.95,22.24,9795.09648,9.79509648,298,29.8,0.328694513,119,48
4894,M,SCIURIDAE,TAMIASCIURUS HUDSONICUS,MARSHALL,1958,0,29.52,15.98,21.75,10260.1188,10.2601188,371,37.1,0.276553067,125,44
7743,F,SCIURIDAE,TAMIASCIURUS HUDSONICUS,WADENA,1966,0,29,15.77,21.9,10015.527,10.015527,223,22.3,0.449126771,127,46
7744,M,SCIURIDAE,TAMIASCIURUS HUDSONICUS,RAMSEY,1966,1,27.28,15.85,21.95,9490.9166,9.4909166,318,31.8,0.298456497,123,47
7749,F,SCIURIDAE,TAMIASCIURUS HUDSONICUS,RAMSEY,1966,1,28.97,16.27,20.68,9747.350492,9.747350492,296,29.6,0.329302381,105,46
7986,M,SCIURIDAE,TAMIASCIURUS HUDSONICUS,ST. LOUIS,1966,0,28.85,15.71,21.52,9753.58492,9.75358492,303,30.3,0.321900492,128,46
8959,F,SCIURIDAE,TAMIASCIURUS HUDSONICUS,RAMSEY,1968,1,27.58,15.98,21.61,9524.140724,9.524140724,323,32.3,0.294865038,129,48
8961,M,SCIURIDAE,TAMIASCIURUS HUDSONICUS,RAMSEY,1968,1,29,16.83,21.68,10581.3576,10.5813576,323,32.3,0.327596211,126,49
12341,,SCIURIDAE,TAMIASCIURUS HUDSONICUS,LAKE OF THE WOODS,1973,0,28.76,15.64,20.42,9185.046688,9.185046688,280,28,0.328037382,120,45
12344,M,SCIURIDAE,TAMIASCIURUS HUDSONICUS,ANOKA,1973,1,27.87,16.35,21.84,9951.93108,9.95193108,322,32.2,0.309066183,134,46
12347,F,SCIURIDAE,TAMIASCIURUS HUDSONICUS,ANOKA,1973,1,28.62,16.7,21.5,10276.011,10.276011,325,32.5,0.316184954,129,45
13026,,SCIURIDAE,TAMIASCIURUS HUDSONICUS,SHERBURNE,1975,0,27.47,15.86,21.6,9410.56272,9.41056272,290,29,0.324502163,115,48
18343,F,SCIURIDAE,TAMIASCIURUS HUDSONICUS,CLEARWATER,1999,0,29.24,16.23,21.29,10103.49311,10.10349311,323,32.3,0.312801644,124,48
18344,F,SCIURIDAE,TAMIASCIURUS HUDSONICUS,CLEARWATER,1999,0,28.07,15.32,21.24,9133.888176,9.133888176,305,30.5,0.299471743,110,45
18963,F,SCIURIDAE,TAMIASCIURUS HUDSONICUS,WASHINGTON,2004,1,28.1,16.54,20.61,9578.99214,9.57899214,295,29.5,0.324711598,117,43
18967,M,SCIURIDAE,TAMIASCIURUS HUDSONICUS,WASHINGTON,2004,1,28.33,15.32,21.91,9509.281796,9.509281796,327,32.7,0.290803725,151,48
19042,,SCIURIDAE,TAMIASCIURUS HUDSONICUS,CASS,2004,0,29.76,15.95,22.93,10884.22896,10.88422896,281,28.1,0.387339109,83,48
19043,F,SCIURIDAE,TAMIASCIURUS HUDSONICUS,CLEARWATER,2005,0,30.22,16.34,21.31,10522.76719,10.52276719,314,31.4,0.335119974,127,50
19044,F,SCIURIDAE,TAMIASCIURUS HUDSONICUS,RAMSEY,2005,1,28.58,17.59,22.56,11341.41283,11.34141283,320,32,0.354419151,126,45
19095,,SCIURIDAE,TAMIASCIURUS HUDSONICUS,HUBBARD,2003,0,28.65,16.1,22.08,10184.7312,10.1847312,292,29.2,0.348792164,123,46
186,F,DIPODIDAE,ZAPUS HUDSONIUS,SHERBURNE,1916,0,12.73,7.51,9.71,928.298333,0.928298333,181,18.1,0.051287201,107,27
187,M,DIPODIDAE,ZAPUS HUDSONIUS,SHERBURNE,1916,0,11.93,6.6,9.01,709.42938,0.70942938,178,17.8,0.039855583,110,28
459,M,DIPODIDAE,ZAPUS HUDSONIUS,COOK,1922,0,12.43,7.41,10.3,948.69489,0.94869489,189,18.9,0.050195497,112,29
462,F,DIPODIDAE,ZAPUS HUDSONIUS,COOK,1922,0,13.65,7.98,9.7,1056.5919,1.0565919,226,22.6,0.046751854,141,30
831,M,DIPODIDAE,ZAPUS HUDSONIUS,CLEARWATER,1932,0,13.37,8.04,9.48,1019.050704,1.019050704,203.2,20.32,0.050150133,127,30.5
2551,M,DIPODIDAE,ZAPUS HUDSONIUS,FILLMORE,1948,0,13.51,7.6,9.91,1017.51916,1.01751916,210,21,0.048453293,123,31
3019,F,DIPODIDAE,ZAPUS HUDSONIUS,LYON,1950,0,12.95,7.71,9.99,997.446555,0.997446555,208,20.8,0.047954161,123,29
3250,M,DIPODIDAE,ZAPUS HUDSONIUS,CLEARWATER,1941,0,12.69,7.51,9.27,883.448613,0.883448613,261,26.1,0.033848606,123,31
3264,F,DIPODIDAE,ZAPUS HUDSONIUS,WADENA,1946,0,12.64,7.72,9.41,918.235328,0.918235328,197,19.7,0.04661093,123,30
3787,M,DIPODIDAE,ZAPUS HUDSONIUS,KANDIYOHI,1955,0,12.76,7.92,9.45,955.00944,0.95500944,193,19.3,0.049482354,116,30
6383,M,DIPODIDAE,ZAPUS HUDSONIUS,WINONA,1960,0,12.87,7.32,9.85,927.95274,0.92795274,197,19.7,0.0471042,111,30
6917,M,DIPODIDAE,ZAPUS HUDSONIUS,FILLMORE,1958,0,12.69,7.47,9.65,914.764995,0.914764995,207,20.7,0.044191546,131,29
7851,F,DIPODIDAE,ZAPUS HUDSONIUS,ITASCA,1966,0,12.03,6.91,9.52,791.371896,0.791371896,206,20.6,0.038416111,126,30
9120,F,DIPODIDAE,ZAPUS HUDSONIUS,ISANTI,1968,0,12.96,7.25,9.74,915.1704,0.9151704,203,20.3,0.045082286,121,27
11834,F,DIPODIDAE,ZAPUS HUDSONIUS,COOK,1972,0,13.23,7.23,9.86,943.137594,0.943137594,215,21.5,0.043866865,133,30
13655,F,DIPODIDAE,ZAPUS HUDSONIUS,MORRISON,1977,0,13.1,7.52,9.54,939.80448,0.93980448,170,17,0.055282616,85,29
14511,M,DIPODIDAE,ZAPUS HUDSONIUS,WRIGHT,1979,0,13.23,7.78,9.6,988.12224,0.98812224,204,20.4,0.048437365,117,11
14696,F,DIPODIDAE,ZAPUS HUDSONIUS,YELLOW MEDICINE,1982,0,12.98,7.62,9.67,956.436492,0.956436492,206,20.6,0.046428956,119,29
15380,M,DIPODIDAE,ZAPUS HUDSONIUS,TRAVERSE,1988,0,12.68,7.31,9.22,854.609176,0.854609176,210,21,0.040695675,131,29
16449,F,DIPODIDAE,ZAPUS HUDSONIUS,CLEARWATER,1991,0,13.75,7.94,9.98,1089.5665,1.0895665,202,20.2,0.053938936,125,29
16708,M,DIPODIDAE,ZAPUS HUDSONIUS,SCOTT,1985,0,13.03,7.95,8.53,883.609905,0.883609905,212,21.2,0.041679713,133,29
18313,M,DIPODIDAE,ZAPUS HUDSONIUS,WRIGHT,1997,0,13.25,7.93,9.89,1039.167025,1.039167025,211,21.1,0.049249622,129,29
18364,M,DIPODIDAE,ZAPUS HUDSONIUS,CLEARWATER,1999,0,13.52,7.45,9.66,972.99384,0.97299384,224,22.4,0.043437225,141,32
